paper,room
1,Room 6
2,Room 5
3,Room 3
4,Room 3
5,Room 10
6,Room 6
7,Room 4
8,Room 12
9,Room 2
10,Room 4
11,Room 10
12,Room 1
13,Room 11
14,Room 12
15,Room 3
16,Room 1
17,Room 6
18,Room 7
19,Room 5
20,Room 11
21,Room 4
22,Room 7
23,Room 9
24,Room 9
25,Room 7
26,Room 1
27,Room 12
28,Room 9
29,Room 6
30,Room 4
31,Room 3
32,Room 1
33,Room 6
34,Room 7
35,Room 4
36,Room 9
37,Room 1
38,Room 4
39,Room 4
40,Room 1
41,Room 3
42,Room 8
43,Room 3
44,Room 2
45,Room 10
46,Room 8
47,Room 8
48,Room 1
49,Room 10
50,Room 4
51,Room 3
52,Room 9
53,Room 11
54,Room 2
55,Room 8
56,Room 1
57,Room 9
58,Room 10
59,Room 11
60,Room 1
61,Room 1
62,Room 9
63,Room 2
64,Room 1
65,Room 6
66,Room 3
67,Room 11
68,Room 12
69,Room 3
70,Room 3
71,Room 4
72,Room 1
73,Room 2
74,Room 3
75,Room 4
76,Room 2
77,Room 9
78,Room 2
79,Room 3
80,Room 8
81,Room 6
82,Room 7
83,Room 8
84,Room 12
85,Room 7
86,Room 10
87,Room 10
88,Room 4
89,Room 3
90,Room 2
91,Room 1
92,Room 3
93,Room 3
94,Room 5
95,Room 7
96,Room 1
97,Room 2
98,Room 3
99,Room 4
100,Room 12
101,Room 2
102,Room 4
103,Room 9
104,Room 3
105,Room 7
106,Room 2
107,Room 2
108,Room 4
109,Room 4
110,Room 12
111,Room 1
112,Room 2
113,Room 12
114,Room 5
115,Room 10
116,Room 4
117,Room 9
118,Room 10
119,Room 3
120,Room 1
121,Room 1
122,Room 6
123,Room 11
124,Room 2
125,Room 8
126,Room 8
127,Room 1
128,Room 2
129,Room 4
130,Room 2
131,Room 1
132,Room 3
133,Room 10
134,Room 4
135,Room 4
136,Room 3
137,Room 9
138,Room 3
139,Room 1
140,Room 3
141,Room 2
142,Room 5
143,Room 3
144,Room 7
145,Room 9
146,Room 1
147,Room 6
148,Room 12
149,Room 12
150,Room 1
151,Room 4
152,Room 1
153,Room 9
154,Room 1
155,Room 7
156,Room 2
157,Room 7
158,Room 8
159,Room 9
160,Room 2
161,Room 9
162,Room 1
163,Room 6
164,Room 12
165,Room 6
166,Room 1
167,Room 4
168,Room 4
169,Room 3
170,Room 4
171,Room 7
172,Room 4
173,Room 12
174,Room 1
175,Room 3
176,Room 1
177,Room 1
178,Room 3
179,Room 10
180,Room 6
181,Room 2
182,Room 5
183,Room 7
184,Room 1
185,Room 4
186,Room 4
187,Room 12
188,Room 12
189,Room 1
190,Room 7
191,Room 1
192,Room 8
193,Room 1
194,Room 4
195,Room 7
196,Room 6
197,Room 3
198,Room 7
199,Room 11
200,Room 5
201,Room 7
202,Room 2
203,Room 3
204,Room 8
205,Room 2
206,Room 5
207,Room 2
208,Room 6
209,Room 10
210,Room 1
211,Room 5
212,Room 8
213,Room 6
214,Room 7
215,Room 1
216,Room 4
217,Room 3
218,Room 7
219,Room 1
220,Room 10
221,Room 6
222,Room 8
223,Room 10
224,Room 1
225,Room 11
226,Room 3
227,Room 11
228,Room 4
229,Room 8
230,Room 5
231,Room 8
232,Room 8
233,Room 3
234,Room 11
235,Room 11
236,Room 8
237,Room 8
238,Room 12
239,Room 6
240,Room 10
241,Room 1
242,Room 4
243,Room 6
244,Room 9
245,Room 4
246,Room 3
247,Room 12
248,Room 9
249,Room 7
250,Room 10
251,Room 8
252,Room 2
253,Room 3
254,Room 3
255,Room 7
256,Room 4
257,Room 2
258,Room 3
259,Room 5
260,Room 3
261,Room 12
262,Room 2
263,Room 9
264,Room 3
265,Room 6
266,Room 7
267,Room 8
268,Room 1
269,Room 12
270,Room 1
271,Room 9
272,Room 7
273,Room 4
274,Room 3
275,Room 6
276,Room 1
277,Room 8
278,Room 4
279,Room 5
280,Room 2
281,Room 6
282,Room 10
283,Room 12
284,Room 3
285,Room 11
286,Room 4
287,Room 4
288,Room 10
289,Room 9
290,Room 1
291,Room 3
292,Room 2
293,Room 8
294,Room 12
295,Room 4
296,Room 12
297,Room 3
298,Room 11
299,Room 11
300,Room 3
301,Room 2
302,Room 2
303,Room 8
304,Room 10
305,Room 1
306,Room 6
307,Room 9
308,Room 6
309,Room 1
310,Room 12
311,Room 8
312,Room 6
313,Room 2
314,Room 7
315,Room 6
316,Room 3
317,Room 8
318,Room 3
319,Room 7
320,Room 6
321,Room 3
322,Room 3
323,Room 10
324,Room 2
325,Room 1
326,Room 1
327,Room 6
328,Room 2
329,Room 6
330,Room 3
331,Room 4
332,Room 3
333,Room 1
334,Room 5
335,Room 12
336,Room 7
337,Room 6
338,Room 3
339,Room 6
340,Room 5
341,Room 10
342,Room 8
343,Room 7
344,Room 10
345,Room 10
346,Room 10
347,Room 8
348,Room 4
349,Room 3
350,Room 10
351,Room 8
352,Room 8
353,Room 4
354,Room 2
355,Room 7
356,Room 4
357,Room 2
358,Room 3
359,Room 7
360,Room 12
361,Room 2
362,Room 4
363,Room 8
364,Room 3
365,Room 11
366,Room 5
367,Room 1
368,Room 2
369,Room 7
370,Room 3
371,Room 5
372,Room 3
373,Room 4
374,Room 6
375,Room 6
376,Room 10
377,Room 7
378,Room 4
379,Room 3
380,Room 7
381,Room 2
382,Room 4
383,Room 1
384,Room 2
385,Room 11
386,Room 5
387,Room 12
388,Room 6
389,Room 12
390,Room 8
391,Room 4
392,Room 7
393,Room 11
394,Room 1
395,Room 4
396,Room 1
397,Room 10
398,Room 11
399,Room 2
400,Room 7
401,Room 12
402,Room 1
403,Room 6
404,Room 2
405,Room 4
406,Room 7
407,Room 12
408,Room 2
409,Room 4
410,Room 10
411,Room 1
412,Room 11
413,Room 5
414,Room 11
415,Room 1
416,Room 1
417,Room 9
418,Room 1
419,Room 11
420,Room 8
421,Room 11
422,Room 1
423,Room 4
424,Room 2
425,Room 3
426,Room 9
427,Room 12
428,Room 11
429,Room 12
430,Room 4
431,Room 8
432,Room 8
433,Room 1
434,Room 5
435,Room 12
436,Room 4
437,Room 6
438,Room 1
439,Room 3
440,Room 3
441,Room 1
442,Room 8
443,Room 5
444,Room 11
445,Room 7
446,Room 4
447,Room 2
448,Room 2
449,Room 10
450,Room 12
451,Room 10
452,Room 7
453,Room 3
454,Room 1
455,Room 1
456,Room 8
457,Room 6
458,Room 1
459,Room 1
460,Room 11
461,Room 5
462,Room 3
463,Room 1
464,Room 1
465,Room 1
466,Room 1
467,Room 6
468,Room 5
469,Room 8
470,Room 7
471,Room 4
472,Room 10
473,Room 2
474,Room 6
475,Room 1
476,Room 10
477,Room 3
478,Room 2
479,Room 10
480,Room 1
481,Room 1
482,Room 7
483,Room 3
484,Room 8
485,Room 4
486,Room 1
487,Room 8
488,Room 1
489,Room 11
490,Room 12
491,Room 3
492,Room 4
493,Room 6
494,Room 2
495,Room 10
496,Room 4
497,Room 3
498,Room 7
499,Room 6
500,Room 7
501,Room 5
502,Room 6
503,Room 1
504,Room 3
505,Room 6
506,Room 1
507,Room 10
508,Room 11
509,Room 10
510,Room 1
511,Room 3
512,Room 3
513,Room 6
514,Room 7
515,Room 1
516,Room 6
517,Room 8
518,Room 3
519,Room 4
520,Room 10
521,Room 2
522,Room 7
523,Room 3
524,Room 4
525,Room 3
526,Room 3
527,Room 12
528,Room 2
529,Room 1
530,Room 6
531,Room 3
532,Room 3
533,Room 1
534,Room 4
535,Room 1
536,Room 2
537,Room 6
538,Room 4
539,Room 3
540,Room 9
541,Room 3
542,Room 6
543,Room 10
544,Room 5
545,Room 9
546,Room 6
547,Room 1
548,Room 7
549,Room 5
550,Room 2
551,Room 4
552,Room 11
553,Room 4
554,Room 3
555,Room 1
556,Room 1
557,Room 8
558,Room 3
559,Room 7
560,Room 6
561,Room 8
562,Room 10
563,Room 1
564,Room 10
565,Room 6
566,Room 9
567,Room 11
568,Room 11
569,Room 7
570,Room 3
571,Room 4
572,Room 4
573,Room 10
574,Room 5
575,Room 3
576,Room 1
577,Room 10
578,Room 3
579,Room 6
580,Room 3
581,Room 1
582,Room 2
583,Room 1
584,Room 2
585,Room 9
586,Room 7
587,Room 11
588,Room 4
589,Room 3
590,Room 4
591,Room 6
592,Room 10
593,Room 1
594,Room 4
595,Room 1
596,Room 3
597,Room 4
598,Room 6
599,Room 1
600,Room 2
601,Room 3
602,Room 10
603,Room 10
604,Room 8
605,Room 11
606,Room 10
607,Room 1
608,Room 2
609,Room 1
610,Room 8
611,Room 2
612,Room 8
613,Room 1
614,Room 7
615,Room 1
616,Room 9
617,Room 7
618,Room 9
619,Room 12
620,Room 2
621,Room 2
622,Room 3
623,Room 11
624,Room 6
625,Room 4
626,Room 7
627,Room 10
628,Room 5
629,Room 8
630,Room 4
631,Room 8
632,Room 1
633,Room 5
634,Room 11
635,Room 10
636,Room 5
637,Room 10
638,Room 9
639,Room 12
640,Room 7
641,Room 12
642,Room 8
643,Room 4
644,Room 8
645,Room 3
646,Room 11
647,Room 7
648,Room 11
649,Room 12
650,Room 2
651,Room 1
652,Room 8
653,Room 4
654,Room 4
655,Room 10
656,Room 4
657,Room 8
658,Room 1
659,Room 9
660,Room 12
661,Room 3
662,Room 10
663,Room 4
664,Room 4
665,Room 4
666,Room 12
667,Room 6
668,Room 5
669,Room 11
670,Room 6
671,Room 4
672,Room 1
673,Room 7
674,Room 1
675,Room 4
676,Room 12
677,Room 3
678,Room 9
679,Room 9
680,Room 9
681,Room 7
682,Room 1
683,Room 4
684,Room 7
685,Room 3
686,Room 9
687,Room 1
688,Room 2
689,Room 1
690,Room 4
691,Room 10
692,Room 4
693,Room 6
694,Room 11
695,Room 7
696,Room 2
697,Room 4
698,Room 6
699,Room 1
700,Room 9
701,Room 6
702,Room 7
703,Room 2
704,Room 4
705,Room 4
706,Room 1
707,Room 5
708,Room 6
709,Room 4
710,Room 9
711,Room 3
712,Room 1
713,Room 1
714,Room 7
715,Room 1
716,Room 11
717,Room 9
718,Room 3
719,Room 8
720,Room 3
721,Room 8
722,Room 2
723,Room 1
724,Room 9
725,Room 4
726,Room 9
727,Room 1
728,Room 4
729,Room 7
730,Room 7
731,Room 3
732,Room 1
733,Room 11
734,Room 1
735,Room 6
736,Room 6
737,Room 6
738,Room 2
739,Room 3
740,Room 7
741,Room 1
742,Room 4
743,Room 5
744,Room 8
745,Room 1
746,Room 2
747,Room 1
748,Room 1
749,Room 3
750,Room 3
751,Room 2
752,Room 1
753,Room 12
754,Room 2
755,Room 4
756,Room 2
757,Room 3
758,Room 7
759,Room 2
760,Room 9
761,Room 10
762,Room 1
763,Room 11
764,Room 6
765,Room 1
766,Room 4
767,Room 1
768,Room 11
769,Room 2
770,Room 1
771,Room 3
772,Room 5
773,Room 9
774,Room 3
775,Room 6
776,Room 1
777,Room 2
778,Room 9
779,Room 6
780,Room 7
781,Room 1
782,Room 5
783,Room 8
784,Room 8
785,Room 3
786,Room 2
787,Room 2
788,Room 11
789,Room 3
790,Room 1
791,Room 3
792,Room 1
793,Room 2
794,Room 2
795,Room 4
796,Room 2
797,Room 10
798,Room 6
799,Room 3
800,Room 12
801,Room 4
802,Room 10
803,Room 7
804,Room 10
805,Room 2
806,Room 2
807,Room 2
808,Room 6
809,Room 1
810,Room 12
811,Room 8
812,Room 11
813,Room 4
814,Room 4
815,Room 12
816,Room 10
817,Room 6
818,Room 7
819,Room 11
820,Room 4
821,Room 4
822,Room 4
823,Room 9
824,Room 8
825,Room 1
826,Room 2
827,Room 1
828,Room 5
829,Room 1
830,Room 3
831,Room 11
832,Room 4
833,Room 12
834,Room 6
835,Room 3
836,Room 4
837,Room 3
838,Room 1
839,Room 2
840,Room 4
841,Room 3
842,Room 4
843,Room 11
844,Room 12
845,Room 8
846,Room 4
847,Room 12
848,Room 9
849,Room 8
850,Room 6
851,Room 4
852,Room 1
853,Room 12
854,Room 9
855,Room 3
856,Room 6
857,Room 8
858,Room 1
859,Room 6
860,Room 11
861,Room 4
862,Room 2
863,Room 1
864,Room 1
865,Room 3
866,Room 8
867,Room 3
868,Room 11
869,Room 9
870,Room 6
871,Room 6
872,Room 5
873,Room 4
874,Room 4
875,Room 5
876,Room 3
877,Room 12
878,Room 11
879,Room 1
880,Room 7
881,Room 8
882,Room 4
883,Room 3
884,Room 1
885,Room 7
886,Room 2
887,Room 8
888,Room 8
889,Room 4
890,Room 6
891,Room 4
892,Room 9
893,Room 7
894,Room 3
895,Room 11
896,Room 1
897,Room 4
898,Room 6
899,Room 4
900,Room 3
901,Room 1
902,Room 4
903,Room 6
904,Room 1
905,Room 3
906,Room 1
907,Room 1
908,Room 6
909,Room 4
910,Room 10
911,Room 8
912,Room 8
913,Room 6
914,Room 8
915,Room 11
916,Room 9
917,Room 12
918,Room 3
919,Room 1
920,Room 9
921,Room 3
922,Room 6
923,Room 11
924,Room 1
925,Room 1
926,Room 4
927,Room 3
928,Room 10
929,Room 4
930,Room 11
931,Room 5
932,Room 11
933,Room 7
934,Room 1
935,Room 10
936,Room 2
937,Room 6
938,Room 3
939,Room 8
940,Room 1
941,Room 4
942,Room 10
943,Room 9
944,Room 1
945,Room 4
946,Room 10
947,Room 4
948,Room 4
949,Room 4
950,Room 1
951,Room 12
952,Room 1
953,Room 2
954,Room 10
955,Room 3
956,Room 8
957,Room 10
958,Room 11
959,Room 9
960,Room 2
961,Room 12
962,Room 4
963,Room 10
964,Room 11
965,Room 12
966,Room 3
967,Room 11
968,Room 10
969,Room 12
970,Room 12
971,Room 1
972,Room 11
973,Room 4
974,Room 11
975,Room 6
976,Room 4
977,Room 12
978,Room 1
979,Room 2
980,Room 9
981,Room 1
982,Room 7
983,Room 12
984,Room 10
985,Room 1
986,Room 2
987,Room 7
988,Room 6
989,Room 12
990,Room 3
991,Room 8
992,Room 7
993,Room 12
994,Room 3
995,Room 9
996,Room 8
997,Room 2
998,Room 2
999,Room 8
1000,Room 11
1001,Room 12
1002,Room 11
1003,Room 1
1004,Room 6
1005,Room 1
1006,Room 6
1007,Room 6
1008,Room 2
1009,Room 8
1010,Room 7
1011,Room 11
1012,Room 2
1013,Room 2
1014,Room 4
1015,Room 1
1016,Room 9
1017,Room 2
1018,Room 8
1019,Room 2
1020,Room 1
1021,Room 9
1022,Room 8
1023,Room 7
1024,Room 6
1025,Room 3
1026,Room 4
1027,Room 1
1028,Room 9
1029,Room 3
1030,Room 2
1031,Room 11
1032,Room 1
1033,Room 12
1034,Room 7
1035,Room 5
1036,Room 5
1037,Room 6
1038,Room 12
1039,Room 1
1040,Room 7
1041,Room 5
1042,Room 3
1043,Room 11
1044,Room 6
1045,Room 7
1046,Room 10
1047,Room 4
1048,Room 11
1049,Room 3
1050,Room 10
1051,Room 9
1052,Room 12
1053,Room 5
1054,Room 7
1055,Room 1
1056,Room 1
1057,Room 2
1058,Room 12
1059,Room 7
1060,Room 4
1061,Room 8
1062,Room 2
1063,Room 12
1064,Room 3
1065,Room 4
1066,Room 1
1067,Room 8
1068,Room 2
1069,Room 1
1070,Room 11
1071,Room 11
1072,Room 7
1073,Room 1
1074,Room 12
1075,Room 3
1076,Room 3
1077,Room 5
1078,Room 4
1079,Room 12
1080,Room 7
1081,Room 7
1082,Room 5
1083,Room 7
1084,Room 6
1085,Room 2
1086,Room 3
1087,Room 10
1088,Room 10
1089,Room 2
1090,Room 1
1091,Room 9
1092,Room 5
1093,Room 7
1094,Room 6
1095,Room 5
1096,Room 3
1097,Room 3
1098,Room 11
1099,Room 4
1100,Room 4
1101,Room 11
1102,Room 10
1103,Room 10
1104,Room 1
1105,Room 6
1106,Room 3
1107,Room 6
1108,Room 3
1109,Room 7
1110,Room 4
1111,Room 7
1112,Room 12
1113,Room 10
1114,Room 10
1115,Room 5
1116,Room 3
1117,Room 4
1118,Room 3
1119,Room 3
1120,Room 1
1121,Room 8
1122,Room 1
1123,Room 6
1124,Room 3
1125,Room 8
1126,Room 11
1127,Room 6
1128,Room 1
1129,Room 1
1130,Room 8
1131,Room 3
1132,Room 1
1133,Room 2
1134,Room 2
1135,Room 8
1136,Room 4
1137,Room 9
1138,Room 4
1139,Room 5
1140,Room 10
1141,Room 4
1142,Room 6
1143,Room 9
1144,Room 3
1145,Room 1
1146,Room 1
1147,Room 4
1148,Room 1
1149,Room 6
1150,Room 9
1151,Room 1
1152,Room 8
1153,Room 7
1154,Room 4
1155,Room 8
1156,Room 6
1157,Room 9
1158,Room 1
1159,Room 9
1160,Room 1
1161,Room 1
1162,Room 9
1163,Room 4
1164,Room 3
1165,Room 6
1166,Room 9
1167,Room 4
1168,Room 3
1169,Room 6
1170,Room 12
1171,Room 7
1172,Room 12
1173,Room 4
1174,Room 2
1175,Room 7
1176,Room 7
1177,Room 4
1178,Room 3
1179,Room 10
1180,Room 2
1181,Room 1
1182,Room 8
1183,Room 3
1184,Room 6
1185,Room 6
1186,Room 2
1187,Room 3
1188,Room 1
1189,Room 10
1190,Room 2
1191,Room 8
1192,Room 4
1193,Room 5
1194,Room 3
1195,Room 2
1196,Room 8
1197,Room 12
1198,Room 12
1199,Room 3
1200,Room 3
1201,Room 1
1202,Room 1
1203,Room 10
1204,Room 11
1205,Room 7
1206,Room 1
1207,Room 9
1208,Room 8
1209,Room 4
1210,Room 3
1211,Room 1
1212,Room 5
1213,Room 7
1214,Room 2
1215,Room 8
1216,Room 4
1217,Room 9
1218,Room 4
1219,Room 12
1220,Room 1
1221,Room 1
1222,Room 1
1223,Room 4
1224,Room 9
1225,Room 2
1226,Room 9
1227,Room 5
1228,Room 1
1229,Room 1
1230,Room 3
1231,Room 1
1232,Room 7
1233,Room 5
1234,Room 3
1235,Room 5
1236,Room 7
1237,Room 1
1238,Room 6
1239,Room 9
1240,Room 1
1241,Room 1
1242,Room 4
1243,Room 3
1244,Room 8
1245,Room 3
1246,Room 7
1247,Room 3
1248,Room 3
1249,Room 12
1250,Room 1
1251,Room 5
1252,Room 3
1253,Room 1
1254,Room 8
1255,Room 3
1256,Room 6
1257,Room 3
1258,Room 11
1259,Room 4
1260,Room 8
1261,Room 7
1262,Room 10
1263,Room 10
1264,Room 3
1265,Room 3
1266,Room 5
1267,Room 12
1268,Room 10
1269,Room 5
1270,Room 1
1271,Room 2
1272,Room 2
1273,Room 9
1274,Room 4
1275,Room 1
1276,Room 7
1277,Room 7
1278,Room 5
1279,Room 9
1280,Room 10
1281,Room 1
1282,Room 2
1283,Room 4
1284,Room 10
1285,Room 8
1286,Room 8
1287,Room 3
1288,Room 9
1289,Room 2
1290,Room 2
1291,Room 2
1292,Room 1
1293,Room 11
1294,Room 11
1295,Room 1
1296,Room 2
1297,Room 3
1298,Room 1
1299,Room 2
1300,Room 1
1301,Room 4
1302,Room 8
1303,Room 2
1304,Room 12
1305,Room 1
1306,Room 6
1307,Room 6
1308,Room 12
1309,Room 7
1310,Room 2
1311,Room 7
1312,Room 12
1313,Room 1
1314,Room 7
1315,Room 3
1316,Room 4
1317,Room 8
1318,Room 2
1319,Room 3
1320,Room 11
1321,Room 4
1322,Room 8
1323,Room 2
1324,Room 4
1325,Room 10
1326,Room 1
1327,Room 5
1328,Room 11
1329,Room 2
1330,Room 11
1331,Room 4
1332,Room 6
1333,Room 5
1334,Room 4
1335,Room 11
1336,Room 1
1337,Room 2
1338,Room 3
1339,Room 3
1340,Room 6
1341,Room 4
1342,Room 7
1343,Room 2
1344,Room 3
1345,Room 12
1346,Room 1
1347,Room 2
1348,Room 6
1349,Room 12
1350,Room 6
1351,Room 7
1352,Room 7
1353,Room 3
1354,Room 6
1355,Room 7
1356,Room 6
1357,Room 11
1358,Room 3
1359,Room 12
1360,Room 7
1361,Room 7
1362,Room 12
1363,Room 1
1364,Room 4
1365,Room 3
1366,Room 6
1367,Room 9
1368,Room 2
1369,Room 7
1370,Room 11
1371,Room 7
1372,Room 3
1373,Room 11
1374,Room 2
1375,Room 6
1376,Room 2
1377,Room 12
1378,Room 1
1379,Room 9
1380,Room 10
1381,Room 12
1382,Room 12
1383,Room 12
1384,Room 1
1385,Room 5
1386,Room 11
1387,Room 12
1388,Room 1
1389,Room 1
1390,Room 11
1391,Room 1
1392,Room 6
1393,Room 1
1394,Room 5
1395,Room 10
1396,Room 1
1397,Room 2
1398,Room 9
1399,Room 4
1400,Room 1
1401,Room 2
1402,Room 7
1403,Room 11
1404,Room 11
1405,Room 1
1406,Room 5
1407,Room 10
1408,Room 8
1409,Room 11
1410,Room 6
1411,Room 7
1412,Room 9
1413,Room 10
1414,Room 6
1415,Room 12
1416,Room 6
1417,Room 9
1418,Room 1
1419,Room 10
1420,Room 5
1421,Room 8
1422,Room 5
1423,Room 3
1424,Room 3
1425,Room 11
1426,Room 4
1427,Room 3
1428,Room 7
1429,Room 3
1430,Room 2
1431,Room 8
1432,Room 2
1433,Room 10
1434,Room 6
1435,Room 3
1436,Room 10
1437,Room 1
1438,Room 2
1439,Room 2
1440,Room 11
1441,Room 1
1442,Room 9
1443,Room 2
1444,Room 3
1445,Room 2
1446,Room 10
1447,Room 3
1448,Room 5
1449,Room 6
1450,Room 11
1451,Room 12
1452,Room 1
1453,Room 6
1454,Room 1
1455,Room 11
1456,Room 2
1457,Room 2
1458,Room 3
1459,Room 10
1460,Room 8
1461,Room 8
1462,Room 4
1463,Room 2
1464,Room 10
1465,Room 8
1466,Room 1
1467,Room 4
1468,Room 4
1469,Room 12
1470,Room 2
1471,Room 8
1472,Room 3
1473,Room 8
1474,Room 4
1475,Room 6
1476,Room 5
1477,Room 2
1478,Room 12
1479,Room 1
1480,Room 9
1481,Room 5
1482,Room 1
1483,Room 11
1484,Room 10
1485,Room 2
1486,Room 8
1487,Room 1
1488,Room 6
1489,Room 10
1490,Room 5
1491,Room 1
1492,Room 4
1493,Room 7
1494,Room 12
1495,Room 8
1496,Room 1
1497,Room 1
1498,Room 12
1499,Room 12
1500,Room 12
1501,Room 7
1502,Room 5
1503,Room 4
1504,Room 9
1505,Room 5
1506,Room 5
1507,Room 11
1508,Room 3
1509,Room 5
1510,Room 7
1511,Room 8
1512,Room 6
1513,Room 1
1514,Room 4
1515,Room 10
1516,Room 7
1517,Room 8
1518,Room 7
1519,Room 2
1520,Room 1
1521,Room 8
1522,Room 9
1523,Room 10
1524,Room 2
1525,Room 12
1526,Room 12
1527,Room 7
1528,Room 8
1529,Room 3
1530,Room 3
1531,Room 5
1532,Room 4
1533,Room 12
1534,Room 2
1535,Room 4
1536,Room 3
1537,Room 3
1538,Room 9
1539,Room 7
1540,Room 3
1541,Room 5
1542,Room 7
1543,Room 6
1544,Room 4
1545,Room 12
1546,Room 10
1547,Room 11
1548,Room 4
1549,Room 2
1550,Room 4
1551,Room 6
1552,Room 8
1553,Room 7
1554,Room 9
1555,Room 2
1556,Room 4
1557,Room 8
1558,Room 11
1559,Room 11
1560,Room 11
1561,Room 3
1562,Room 4
1563,Room 1
1564,Room 12
1565,Room 12
1566,Room 2
1567,Room 9
1568,Room 8
1569,Room 12
1570,Room 4
1571,Room 4
1572,Room 8
1573,Room 9
1574,Room 9
1575,Room 9
1576,Room 1
1577,Room 5
1578,Room 9
1579,Room 1
1580,Room 7
1581,Room 2
1582,Room 7
1583,Room 6
1584,Room 9
1585,Room 3
1586,Room 11
1587,Room 5
1588,Room 1
1589,Room 5
1590,Room 3
1591,Room 1
1592,Room 7
1593,Room 11
1594,Room 8
1595,Room 3
1596,Room 3
1597,Room 3
1598,Room 1
1599,Room 10
1600,Room 9
1601,Room 7
1602,Room 3
1603,Room 11
1604,Room 1
1605,Room 1
1606,Room 9
1607,Room 7
1608,Room 7
1609,Room 11
1610,Room 5
1611,Room 1
1612,Room 4
1613,Room 9
1614,Room 1
1615,Room 5
1616,Room 6
1617,Room 10
1618,Room 2
1619,Room 4
1620,Room 8
1621,Room 3
1622,Room 1
1623,Room 12
1624,Room 7
1625,Room 1
1626,Room 7
1627,Room 7
1628,Room 7
1629,Room 3
1630,Room 6
1631,Room 4
1632,Room 5
1633,Room 9
1634,Room 12
1635,Room 1
1636,Room 10
1637,Room 8
1638,Room 9
1639,Room 7
1640,Room 3
1641,Room 5
1642,Room 8
1643,Room 1
1644,Room 10
1645,Room 3
1646,Room 5
1647,Room 9
1648,Room 12
1649,Room 9
1650,Room 5
1651,Room 2
1652,Room 3
1653,Room 11
1654,Room 7
1655,Room 3
1656,Room 12
1657,Room 9
1658,Room 1
1659,Room 1
1660,Room 2
1661,Room 1
1662,Room 7
1663,Room 1
1664,Room 8
1665,Room 2
1666,Room 8
1667,Room 12
1668,Room 10
1669,Room 12
1670,Room 4
1671,Room 4
1672,Room 10
1673,Room 7
1674,Room 2
1675,Room 8
1676,Room 6
1677,Room 4
1678,Room 10
1679,Room 2
1680,Room 1
1681,Room 5
1682,Room 11
1683,Room 4
1684,Room 2
1685,Room 7
1686,Room 7
1687,Room 7
1688,Room 3
1689,Room 1
1690,Room 3
1691,Room 8
1692,Room 4
1693,Room 6
1694,Room 2
1695,Room 6
1696,Room 4
1697,Room 5
1698,Room 3
1699,Room 6
1700,Room 6
1701,Room 11
1702,Room 7
1703,Room 6
1704,Room 2
1705,Room 8
1706,Room 8
1707,Room 1
1708,Room 12
1709,Room 12
1710,Room 4
1711,Room 4
1712,Room 5
1713,Room 9
1714,Room 1
1715,Room 10
1716,Room 11
1717,Room 4
1718,Room 11
1719,Room 1
1720,Room 3
1721,Room 8
1722,Room 2
1723,Room 4
1724,Room 4
1725,Room 9
1726,Room 5
1727,Room 3
1728,Room 9
1729,Room 7
1730,Room 3
1731,Room 8
1732,Room 10
1733,Room 2
1734,Room 2
1735,Room 4
1736,Room 2
1737,Room 12
1738,Room 4
1739,Room 4
1740,Room 4
1741,Room 2
1742,Room 3
1743,Room 6
1744,Room 10
1745,Room 10
1746,Room 3
1747,Room 3
1748,Room 2
1749,Room 4
1750,Room 10
1751,Room 4
1752,Room 2
1753,Room 10
1754,Room 12
1755,Room 7
1756,Room 1
1757,Room 3
1758,Room 6
1759,Room 12
1760,Room 10
1761,Room 8
1762,Room 8
1763,Room 4
1764,Room 9
1765,Room 3
1766,Room 7
1767,Room 3
1768,Room 2
1769,Room 12
1770,Room 3
1771,Room 8
1772,Room 2
1773,Room 9
1774,Room 6
1775,Room 7
1776,Room 3
1777,Room 4
1778,Room 9
1779,Room 1
1780,Room 4
1781,Room 8
1782,Room 4
1783,Room 12
1784,Room 8
1785,Room 6
1786,Room 10
1787,Room 2
1788,Room 11
1789,Room 1
1790,Room 9
1791,Room 1
1792,Room 2
1793,Room 3
1794,Room 1
1795,Room 1
1796,Room 9
1797,Room 9
1798,Room 7
1799,Room 12
1800,Room 4
1801,Room 4
1802,Room 11
1803,Room 11
1804,Room 2
1805,Room 3
1806,Room 1
1807,Room 1
1808,Room 1
1809,Room 6
1810,Room 10
1811,Room 7
1812,Room 1
1813,Room 4
1814,Room 4
1815,Room 4
1816,Room 4
1817,Room 1
1818,Room 4
1819,Room 6
1820,Room 7
1821,Room 10
1822,Room 8
1823,Room 11
1824,Room 10
1825,Room 9
1826,Room 3
1827,Room 3
1828,Room 3
1829,Room 11
1830,Room 9
1831,Room 6
1832,Room 5
1833,Room 3
1834,Room 7
1835,Room 7
1836,Room 3
1837,Room 6
1838,Room 1
1839,Room 1
1840,Room 10
1841,Room 8
1842,Room 3
1843,Room 6
1844,Room 1
1845,Room 2
1846,Room 1
1847,Room 3
1848,Room 12
1849,Room 6
1850,Room 7
1851,Room 8
1852,Room 8
1853,Room 6
1854,Room 3
1855,Room 1
1856,Room 4
1857,Room 3
1858,Room 3
1859,Room 5
1860,Room 5
1861,Room 2
1862,Room 3
1863,Room 9
1864,Room 3
1865,Room 2
1866,Room 5
1867,Room 3
1868,Room 6
1869,Room 3
1870,Room 3
1871,Room 5
1872,Room 3
1873,Room 6
1874,Room 8
1875,Room 11
1876,Room 6
1877,Room 5
1878,Room 1
1879,Room 1
1880,Room 1
1881,Room 7
1882,Room 3
1883,Room 4
1884,Room 3
1885,Room 3
1886,Room 11
1887,Room 10
1888,Room 1
1889,Room 2
1890,Room 9
1891,Room 5
1892,Room 9
1893,Room 4
1894,Room 6
1895,Room 12
1896,Room 10
1897,Room 6
1898,Room 8
1899,Room 6
1900,Room 9
1901,Room 2
1902,Room 3
1903,Room 4
1904,Room 12
1905,Room 10
1906,Room 3
1907,Room 3
1908,Room 9
1909,Room 4
1910,Room 2
1911,Room 4
1912,Room 9
1913,Room 1
1914,Room 1
1915,Room 11
1916,Room 10
1917,Room 4
1918,Room 11
1919,Room 7
1920,Room 1
1921,Room 2
1922,Room 10
1923,Room 4
1924,Room 1
1925,Room 3
1926,Room 1
1927,Room 4
1928,Room 1
1929,Room 1
1930,Room 2
1931,Room 6
1932,Room 10
1933,Room 3
1934,Room 2
1935,Room 1
1936,Room 8
1937,Room 7
1938,Room 2
1939,Room 8
1940,Room 12
1941,Room 10
1942,Room 11
1943,Room 2
1944,Room 10
1945,Room 1
1946,Room 9
1947,Room 9
1948,Room 4
1949,Room 11
1950,Room 2
1951,Room 2
1952,Room 1
1953,Room 3
1954,Room 4
1955,Room 11
1956,Room 1
1957,Room 4
1958,Room 1
1959,Room 4
1960,Room 11
1961,Room 5
1962,Room 10
1963,Room 8
1964,Room 4
1965,Room 4
1966,Room 11
1967,Room 6
1968,Room 7
1969,Room 3
1970,Room 8
1971,Room 1
1972,Room 12
1973,Room 7
1974,Room 8
1975,Room 6
1976,Room 1
1977,Room 2
1978,Room 1
1979,Room 11
1980,Room 3
1981,Room 10
1982,Room 8
1983,Room 1
1984,Room 6
1985,Room 1
1986,Room 8
1987,Room 1
1988,Room 4
1989,Room 6
1990,Room 8
1991,Room 1
1992,Room 9
1993,Room 3
1994,Room 6
1995,Room 1
1996,Room 1
1997,Room 5
1998,Room 7
1999,Room 6
2000,Room 2
2001,Room 1
2002,Room 1
2003,Room 6
2004,Room 2
2005,Room 10
2006,Room 1
2007,Room 3
2008,Room 1
2009,Room 1
2010,Room 3
2011,Room 9
2012,Room 8
2013,Room 9
2014,Room 2
2015,Room 10
2016,Room 11
2017,Room 3
2018,Room 9
2019,Room 4
2020,Room 4
2021,Room 2
2022,Room 10
2023,Room 6
2024,Room 4
2025,Room 6
2026,Room 2
2027,Room 12
2028,Room 6
2029,Room 6
2030,Room 1
2031,Room 8
2032,Room 3
2033,Room 9
2034,Room 5
2035,Room 1
2036,Room 4
2037,Room 4
2038,Room 1
2039,Room 10
2040,Room 3
2041,Room 3
2042,Room 3
2043,Room 1
2044,Room 9
2045,Room 1
2046,Room 12
2047,Room 3
2048,Room 7
2049,Room 1
2050,Room 3
2051,Room 6
2052,Room 12
2053,Room 11
2054,Room 2
2055,Room 7
2056,Room 8
2057,Room 9
2058,Room 1
2059,Room 3
2060,Room 7
2061,Room 10
2062,Room 3
2063,Room 10
2064,Room 12
2065,Room 12
2066,Room 3
2067,Room 6
2068,Room 7
2069,Room 3
2070,Room 3
2071,Room 5
2072,Room 11
2073,Room 6
2074,Room 6
2075,Room 4
2076,Room 11
2077,Room 9
2078,Room 8
2079,Room 2
2080,Room 3
2081,Room 1
2082,Room 8
2083,Room 6
2084,Room 3
2085,Room 5
2086,Room 5
2087,Room 2
2088,Room 10
2089,Room 10
2090,Room 2
2091,Room 9
2092,Room 1
2093,Room 7
2094,Room 5
2095,Room 7
2096,Room 6
2097,Room 3
2098,Room 1
2099,Room 3
2100,Room 1
2101,Room 4
2102,Room 1
2103,Room 7
2104,Room 7
2105,Room 4
2106,Room 3
2107,Room 4
2108,Room 6
2109,Room 5
2110,Room 2
2111,Room 12
2112,Room 1
2113,Room 4
2114,Room 4
2115,Room 2
2116,Room 3
2117,Room 1
2118,Room 1
2119,Room 1
2120,Room 4
2121,Room 4
2122,Room 12
2123,Room 11
2124,Room 3
2125,Room 3
2126,Room 3
2127,Room 1
2128,Room 9
2129,Room 4
2130,Room 2
2131,Room 9
2132,Room 8
2133,Room 3
2134,Room 10
2135,Room 8
2136,Room 11
2137,Room 4
2138,Room 5
2139,Room 11
2140,Room 1
2141,Room 6
2142,Room 6
2143,Room 4
2144,Room 7
2145,Room 2
2146,Room 3
2147,Room 1
2148,Room 10
2149,Room 2
2150,Room 12
2151,Room 12
2152,Room 3
2153,Room 12
2154,Room 6
2155,Room 9
2156,Room 7
2157,Room 5
2158,Room 3
2159,Room 3
2160,Room 1
2161,Room 2
2162,Room 10
2163,Room 3
2164,Room 6
2165,Room 8
2166,Room 2
2167,Room 12
2168,Room 11
2169,Room 8
2170,Room 1
2171,Room 4
2172,Room 1
2173,Room 6
2174,Room 1
2175,Room 10
2176,Room 4
2177,Room 6
2178,Room 6
2179,Room 6
2180,Room 2
2181,Room 8
2182,Room 7
2183,Room 2
2184,Room 6
2185,Room 9
2186,Room 10
2187,Room 6
2188,Room 2
2189,Room 10
2190,Room 1
2191,Room 7
2192,Room 2
2193,Room 5
2194,Room 2
2195,Room 6
2196,Room 4
2197,Room 1
2198,Room 4
2199,Room 7
2200,Room 4
2201,Room 7
2202,Room 6
2203,Room 3
2204,Room 9
2205,Room 2
2206,Room 10
2207,Room 8
2208,Room 10
2209,Room 12
2210,Room 8
2211,Room 8
2212,Room 2
2213,Room 10
2214,Room 6
2215,Room 3
2216,Room 1
2217,Room 5
2218,Room 12
2219,Room 11
2220,Room 2
2221,Room 1
2222,Room 12
2223,Room 8
2224,Room 12
2225,Room 7
2226,Room 11
2227,Room 1
2228,Room 1
2229,Room 1
2230,Room 7
2231,Room 10
2232,Room 12
2233,Room 5
2234,Room 11
2235,Room 4
2236,Room 3
2237,Room 12
2238,Room 3
2239,Room 1
2240,Room 4
2241,Room 2
2242,Room 7
2243,Room 5
2244,Room 5
2245,Room 2
2246,Room 8
2247,Room 12
2248,Room 1
2249,Room 4
2250,Room 6
2251,Room 6
2252,Room 6
2253,Room 2
2254,Room 7
2255,Room 1
2256,Room 2
2257,Room 3
2258,Room 6
2259,Room 2
2260,Room 7
2261,Room 12
2262,Room 4
2263,Room 7
2264,Room 7
2265,Room 5
2266,Room 2
2267,Room 10
2268,Room 5
2269,Room 2
2270,Room 4
2271,Room 8
2272,Room 2
2273,Room 9
2274,Room 3
2275,Room 8
2276,Room 4
2277,Room 5
2278,Room 6
2279,Room 5
2280,Room 12
2281,Room 8
2282,Room 11
2283,Room 12
2284,Room 6
2285,Room 7
2286,Room 5
2287,Room 7
2288,Room 5
2289,Room 2
2290,Room 2
2291,Room 2
2292,Room 5
2293,Room 5
2294,Room 5
2295,Room 1
2296,Room 6
2297,Room 12
2298,Room 12
2299,Room 2
2300,Room 2
2301,Room 9
2302,Room 1
2303,Room 1
2304,Room 6
2305,Room 1
2306,Room 9
2307,Room 3
2308,Room 3
2309,Room 2
2310,Room 1
2311,Room 5
2312,Room 3
2313,Room 1
2314,Room 4
2315,Room 4
2316,Room 2
2317,Room 10
2318,Room 1
2319,Room 2
2320,Room 6
2321,Room 1
2322,Room 5
2323,Room 6
2324,Room 1
2325,Room 5
2326,Room 3
2327,Room 3
2328,Room 5
2329,Room 8
2330,Room 6
2331,Room 2
2332,Room 11
2333,Room 8
2334,Room 9
2335,Room 1
2336,Room 5
2337,Room 7
2338,Room 12
2339,Room 2
2340,Room 6
2341,Room 9
2342,Room 1
2343,Room 1
2344,Room 4
2345,Room 11
2346,Room 1
2347,Room 3
2348,Room 3
2349,Room 5
2350,Room 3
2351,Room 2
2352,Room 8
2353,Room 9
2354,Room 6
2355,Room 7
2356,Room 11
2357,Room 7
2358,Room 2
2359,Room 11
2360,Room 7
2361,Room 4
2362,Room 10
2363,Room 2
2364,Room 11
2365,Room 5
2366,Room 5
2367,Room 1
2368,Room 4
2369,Room 7
2370,Room 3
2371,Room 1
2372,Room 6
2373,Room 7
2374,Room 2
2375,Room 9
2376,Room 2
2377,Room 3
2378,Room 5
2379,Room 7
2380,Room 7
2381,Room 12
2382,Room 2
2383,Room 3
2384,Room 5
2385,Room 1
2386,Room 2
2387,Room 8
2388,Room 6
2389,Room 1
2390,Room 10
2391,Room 5
2392,Room 9
2393,Room 7
2394,Room 9
2395,Room 12
2396,Room 3
2397,Room 10
2398,Room 10
2399,Room 6
2400,Room 1
2401,Room 7
2402,Room 2
2403,Room 7
2404,Room 1
2405,Room 1
2406,Room 6
2407,Room 12
2408,Room 6
2409,Room 9
2410,Room 5
2411,Room 5
2412,Room 11
2413,Room 1
2414,Room 3
2415,Room 6
2416,Room 8
2417,Room 5
2418,Room 2
2419,Room 11
2420,Room 4
2421,Room 4
2422,Room 11
2423,Room 11
2424,Room 10
2425,Room 1
2426,Room 5
2427,Room 1
2428,Room 7
2429,Room 11
2430,Room 2
2431,Room 4
2432,Room 4
2433,Room 2
2434,Room 8
2435,Room 2
2436,Room 9
2437,Room 8
2438,Room 1
2439,Room 6
2440,Room 9
2441,Room 3
2442,Room 9
2443,Room 2
2444,Room 6
2445,Room 5
2446,Room 6
2447,Room 8
2448,Room 1
2449,Room 6
2450,Room 5
2451,Room 7
2452,Room 10
2453,Room 1
2454,Room 2
2455,Room 5
2456,Room 4
2457,Room 5
2458,Room 3
2459,Room 2
2460,Room 11
2461,Room 5
2462,Room 7
2463,Room 3
2464,Room 3
2465,Room 11
2466,Room 9
2467,Room 2
2468,Room 6
2469,Room 1
2470,Room 8
2471,Room 7
2472,Room 1
2473,Room 1
2474,Room 4
2475,Room 1
2476,Room 4
2477,Room 5
2478,Room 1
2479,Room 8
2480,Room 7
2481,Room 3
2482,Room 2
2483,Room 5
2484,Room 4
2485,Room 2
2486,Room 5
2487,Room 12
2488,Room 12
2489,Room 3
2490,Room 7
2491,Room 2
2492,Room 9
2493,Room 3
2494,Room 4
2495,Room 1
2496,Room 6
2497,Room 6
2498,Room 3
2499,Room 5
2500,Room 12
2501,Room 2
2502,Room 3
2503,Room 2
2504,Room 5
2505,Room 2
2506,Room 4
2507,Room 5
2508,Room 1
2509,Room 6
2510,Room 9
2511,Room 6
2512,Room 2
2513,Room 6
2514,Room 3
2515,Room 7
2516,Room 10
2517,Room 5
2518,Room 8
2519,Room 5
2520,Room 7
2521,Room 1
2522,Room 12
2523,Room 5
2524,Room 8
2525,Room 1
2526,Room 2
2527,Room 3
2528,Room 1
2529,Room 2
2530,Room 1
2531,Room 11
2532,Room 10
2533,Room 6
2534,Room 2
2535,Room 9
2536,Room 11
2537,Room 1
2538,Room 3
2539,Room 7
2540,Room 8
2541,Room 3
2542,Room 1
2543,Room 2
2544,Room 10
2545,Room 7
2546,Room 10
2547,Room 2
2548,Room 2
2549,Room 5
2550,Room 1
2551,Room 1
2552,Room 9
2553,Room 2
2554,Room 7
2555,Room 5
2556,Room 11
2557,Room 4
2558,Room 8
2559,Room 12
2560,Room 9
2561,Room 4
2562,Room 4
2563,Room 6
2564,Room 12
2565,Room 11
2566,Room 6
2567,Room 2
2568,Room 7
2569,Room 3
2570,Room 1
2571,Room 8
2572,Room 8
2573,Room 6
2574,Room 8
2575,Room 11
2576,Room 6
2577,Room 7
2578,Room 9
2579,Room 2
2580,Room 7
2581,Room 1
2582,Room 4
2583,Room 12
2584,Room 2
2585,Room 2
2586,Room 4
2587,Room 5
2588,Room 2
2589,Room 2
2590,Room 8
2591,Room 11
2592,Room 5
2593,Room 9
2594,Room 11
2595,Room 2
2596,Room 5
2597,Room 6
2598,Room 4
2599,Room 1
2600,Room 6
2601,Room 1
2602,Room 2
2603,Room 2
2604,Room 8
2605,Room 2
2606,Room 9
2607,Room 9
2608,Room 10
2609,Room 8
2610,Room 1
2611,Room 12
2612,Room 6
2613,Room 11
2614,Room 7
2615,Room 1
2616,Room 8
2617,Room 1
2618,Room 2
2619,Room 6
2620,Room 8
2621,Room 7
2622,Room 6
2623,Room 5
2624,Room 11
2625,Room 5
2626,Room 2
2627,Room 1
2628,Room 10
2629,Room 10
2630,Room 2
2631,Room 4
2632,Room 4
2633,Room 7
2634,Room 4
2635,Room 5
2636,Room 4
2637,Room 6
2638,Room 5
2639,Room 5
2640,Room 10
2641,Room 2
2642,Room 11
2643,Room 8
2644,Room 11
2645,Room 12
2646,Room 1
2647,Room 8
2648,Room 2
2649,Room 10
2650,Room 9
2651,Room 12
2652,Room 8
2653,Room 8
2654,Room 12
2655,Room 9
2656,Room 9
2657,Room 9
2658,Room 11
2659,Room 7
2660,Room 5
2661,Room 1
2662,Room 10
2663,Room 5
2664,Room 9
2665,Room 2
2666,Room 2
2667,Room 5
2668,Room 3
2669,Room 1
2670,Room 2
2671,Room 4
2672,Room 11
2673,Room 1
2674,Room 3
2675,Room 7
2676,Room 5
2677,Room 3
2678,Room 1
2679,Room 5
2680,Room 4
2681,Room 4
2682,Room 10
2683,Room 10
2684,Room 8
2685,Room 10
2686,Room 12
2687,Room 3
2688,Room 4
2689,Room 1
2690,Room 3
2691,Room 11
2692,Room 6
2693,Room 8
2694,Room 12
2695,Room 1
2696,Room 11
2697,Room 4
2698,Room 6
2699,Room 10
2700,Room 7
2701,Room 1
2702,Room 4
2703,Room 2
2704,Room 3
2705,Room 1
2706,Room 1
2707,Room 6
2708,Room 2
2709,Room 11
2710,Room 7
2711,Room 2
2712,Room 12
2713,Room 11
2714,Room 6
2715,Room 2
2716,Room 12
2717,Room 10
2718,Room 8
2719,Room 6
2720,Room 6
2721,Room 3
2722,Room 8
2723,Room 9
2724,Room 4
2725,Room 11
2726,Room 2
2727,Room 5
2728,Room 3
2729,Room 11
2730,Room 4
2731,Room 7
2732,Room 4
2733,Room 3
2734,Room 1
2735,Room 9
2736,Room 6
2737,Room 4
2738,Room 6
2739,Room 8
2740,Room 10
2741,Room 8
2742,Room 2
2743,Room 6
2744,Room 3
2745,Room 7
2746,Room 12
2747,Room 7
2748,Room 8
2749,Room 4
2750,Room 5
2751,Room 4
2752,Room 1
2753,Room 1
2754,Room 9
2755,Room 11
2756,Room 9
2757,Room 4
2758,Room 6
2759,Room 5
2760,Room 10
2761,Room 4
2762,Room 10
2763,Room 12
2764,Room 10
2765,Room 2
2766,Room 4
2767,Room 8
2768,Room 6
2769,Room 11
2770,Room 6
2771,Room 11
2772,Room 10
2773,Room 2
2774,Room 4
2775,Room 7
2776,Room 4
2777,Room 8
2778,Room 3
2779,Room 7
2780,Room 4
2781,Room 6
2782,Room 9
2783,Room 8
2784,Room 2
2785,Room 12
2786,Room 9
2787,Room 1
2788,Room 4
2789,Room 6
2790,Room 6
2791,Room 4
2792,Room 4
2793,Room 7
2794,Room 4
2795,Room 1
2796,Room 12
2797,Room 1
2798,Room 6
2799,Room 12
2800,Room 3
2801,Room 5
2802,Room 3
2803,Room 1
2804,Room 3
2805,Room 11
2806,Room 5
2807,Room 4
2808,Room 2
2809,Room 4
2810,Room 7
2811,Room 2
2812,Room 8
2813,Room 12
2814,Room 1
2815,Room 3
2816,Room 1
2817,Room 7
2818,Room 4
2819,Room 3
2820,Room 4
2821,Room 10
2822,Room 1
2823,Room 8
2824,Room 1
2825,Room 4
2826,Room 10
2827,Room 8
2828,Room 11
2829,Room 7
2830,Room 11
2831,Room 6
2832,Room 4
2833,Room 4
2834,Room 7
2835,Room 12
2836,Room 1
2837,Room 4
2838,Room 4
2839,Room 11
2840,Room 5
2841,Room 7
2842,Room 4
2843,Room 1
2844,Room 9
2845,Room 4
2846,Room 12
2847,Room 6
2848,Room 2
2849,Room 3
2850,Room 8
2851,Room 3
2852,Room 4
2853,Room 4
2854,Room 1
2855,Room 7
2856,Room 7
2857,Room 6
2858,Room 6
2859,Room 12
2860,Room 10
2861,Room 6
2862,Room 6
2863,Room 6
2864,Room 10
2865,Room 4
2866,Room 5
2867,Room 2
2868,Room 6
2869,Room 4
2870,Room 4
2871,Room 7
2872,Room 6
2873,Room 1
2874,Room 9
2875,Room 4
2876,Room 5
2877,Room 6
2878,Room 8
2879,Room 2
2880,Room 12
2881,Room 4
2882,Room 1
2883,Room 9
2884,Room 1
2885,Room 8
2886,Room 4
2887,Room 1
2888,Room 8
2889,Room 6
2890,Room 4
2891,Room 4
2892,Room 12
2893,Room 4
2894,Room 1
2895,Room 1
2896,Room 1
2897,Room 12
2898,Room 3
2899,Room 3
2900,Room 5
2901,Room 10
2902,Room 10
2903,Room 10
2904,Room 5
2905,Room 4
2906,Room 8
2907,Room 8
2908,Room 1
2909,Room 3
2910,Room 8
2911,Room 10
2912,Room 4
2913,Room 11
2914,Room 4
2915,Room 4
2916,Room 7
2917,Room 1
2918,Room 1
2919,Room 9
2920,Room 12
2921,Room 11
2922,Room 4
2923,Room 9
2924,Room 7
2925,Room 7
2926,Room 9
2927,Room 12
2928,Room 1
2929,Room 1
2930,Room 6
2931,Room 1
2932,Room 2
2933,Room 2
2934,Room 6
2935,Room 11
2936,Room 8
2937,Room 10
2938,Room 2
2939,Room 1
2940,Room 3
2941,Room 6
2942,Room 7
2943,Room 7
2944,Room 12
2945,Room 7
2946,Room 1
2947,Room 6
2948,Room 1
2949,Room 1
2950,Room 2
2951,Room 7
2952,Room 5
2953,Room 6
2954,Room 4
2955,Room 3
2956,Room 7
2957,Room 1
2958,Room 6
2959,Room 8
2960,Room 8
2961,Room 11
2962,Room 2
2963,Room 5
2964,Room 12
2965,Room 9
2966,Room 12
2967,Room 3
2968,Room 3
2969,Room 4
2970,Room 12
2971,Room 1
2972,Room 8
2973,Room 1
2974,Room 5
2975,Room 2
2976,Room 8
2977,Room 5
2978,Room 8
2979,Room 1
2980,Room 6
2981,Room 3
2982,Room 3
2983,Room 8
2984,Room 10
2985,Room 4
2986,Room 3
2987,Room 1
2988,Room 1
2989,Room 1
2990,Room 7
2991,Room 5
2992,Room 3
2993,Room 12
2994,Room 12
2995,Room 5
2996,Room 4
2997,Room 9
2998,Room 1
2999,Room 5
3000,Room 9
3001,Room 11
3002,Room 2
3003,Room 1
3004,Room 5
3005,Room 4
3006,Room 7
3007,Room 11
3008,Room 1
3009,Room 12
3010,Room 5
3011,Room 12
3012,Room 2
3013,Room 9
3014,Room 9
3015,Room 12
3016,Room 1
3017,Room 12
3018,Room 3
3019,Room 8
3020,Room 2
3021,Room 2
3022,Room 10
3023,Room 4
3024,Room 11
3025,Room 6
3026,Room 6
3027,Room 4
3028,Room 8
3029,Room 2
3030,Room 8
3031,Room 11
3032,Room 2
3033,Room 8
3034,Room 2
3035,Room 4
3036,Room 8
3037,Room 4
3038,Room 2
3039,Room 10
3040,Room 1
3041,Room 12
3042,Room 4
3043,Room 2
3044,Room 1
3045,Room 2
3046,Room 3
3047,Room 12
3048,Room 1
3049,Room 7
3050,Room 12
3051,Room 2
3052,Room 12
3053,Room 3
3054,Room 4
3055,Room 1
3056,Room 4
3057,Room 12
3058,Room 8
3059,Room 6
3060,Room 11
3061,Room 12
3062,Room 1
3063,Room 9
3064,Room 11
3065,Room 11
3066,Room 3
3067,Room 1
3068,Room 9
3069,Room 4
3070,Room 1
3071,Room 6
3072,Room 8
3073,Room 6
3074,Room 7
3075,Room 8
3076,Room 3
3077,Room 5
3078,Room 9
3079,Room 1
3080,Room 6
3081,Room 2
3082,Room 6
3083,Room 10
3084,Room 2
3085,Room 11
3086,Room 7
3087,Room 4
3088,Room 7
3089,Room 10
3090,Room 3
3091,Room 1
3092,Room 9
3093,Room 5
3094,Room 1
3095,Room 4
3096,Room 4
3097,Room 7
3098,Room 1
3099,Room 12
3100,Room 7
3101,Room 1
3102,Room 4
3103,Room 2
3104,Room 1
3105,Room 8
3106,Room 10
3107,Room 3
3108,Room 4
3109,Room 1
3110,Room 12
3111,Room 3
3112,Room 2
3113,Room 10
3114,Room 8
3115,Room 3
3116,Room 10
3117,Room 3
3118,Room 3
3119,Room 7
3120,Room 4
3121,Room 1
3122,Room 4
3123,Room 1
3124,Room 1
3125,Room 8
3126,Room 8
3127,Room 3
3128,Room 7
3129,Room 1
3130,Room 7
3131,Room 1
3132,Room 3
3133,Room 2
3134,Room 2
3135,Room 1
3136,Room 2
3137,Room 5
3138,Room 6
3139,Room 8
3140,Room 2
3141,Room 9
3142,Room 7
3143,Room 1
3144,Room 6
3145,Room 5
3146,Room 10
3147,Room 1
3148,Room 12
3149,Room 2
3150,Room 4
3151,Room 4
3152,Room 7
3153,Room 4
3154,Room 1
3155,Room 7
3156,Room 2
3157,Room 1
3158,Room 9
3159,Room 12
3160,Room 5
3161,Room 5
3162,Room 7
3163,Room 6
3164,Room 12
3165,Room 10
3166,Room 12
3167,Room 3
3168,Room 1
3169,Room 12
3170,Room 10
3171,Room 2
3172,Room 10
3173,Room 10
3174,Room 9
3175,Room 11
3176,Room 6
3177,Room 11
3178,Room 7
3179,Room 4
3180,Room 1
3181,Room 8
3182,Room 10
3183,Room 11
3184,Room 2
3185,Room 5
3186,Room 5
3187,Room 4
3188,Room 10
3189,Room 10
3190,Room 12
3191,Room 3
3192,Room 1
3193,Room 1
3194,Room 8
3195,Room 11
3196,Room 1
3197,Room 6
3198,Room 2
3199,Room 2
3200,Room 6
3201,Room 3
3202,Room 3
3203,Room 10
3204,Room 6
3205,Room 6
3206,Room 10
3207,Room 4
3208,Room 1
3209,Room 3
3210,Room 2
3211,Room 10
3212,Room 2
3213,Room 7
3214,Room 6
3215,Room 1
3216,Room 10
3217,Room 12
3218,Room 4
3219,Room 11
3220,Room 12
3221,Room 12
3222,Room 5
3223,Room 7
3224,Room 5
3225,Room 10
3226,Room 3
3227,Room 12
3228,Room 9
3229,Room 4
3230,Room 7
3231,Room 1
3232,Room 2
3233,Room 3
3234,Room 9
3235,Room 12
3236,Room 2
3237,Room 4
3238,Room 9
3239,Room 7
3240,Room 2
3241,Room 2
3242,Room 1
3243,Room 4
3244,Room 1
3245,Room 4
3246,Room 5
3247,Room 1
3248,Room 10
3249,Room 7
3250,Room 8
3251,Room 3
3252,Room 7
3253,Room 12
3254,Room 1
3255,Room 3
3256,Room 5
3257,Room 11
3258,Room 10
3259,Room 4
3260,Room 10
3261,Room 4
3262,Room 1
3263,Room 2
3264,Room 6
3265,Room 6
3266,Room 8
3267,Room 6
3268,Room 12
3269,Room 10
3270,Room 1
3271,Room 2
3272,Room 11
3273,Room 8
3274,Room 12
3275,Room 8
3276,Room 4
3277,Room 7
3278,Room 5
3279,Room 8
3280,Room 9
3281,Room 1
3282,Room 3
3283,Room 6
3284,Room 5
3285,Room 7
3286,Room 12
3287,Room 1
3288,Room 1
3289,Room 6
3290,Room 12
3291,Room 1
3292,Room 7
3293,Room 6
3294,Room 8
3295,Room 12
3296,Room 10
3297,Room 2
3298,Room 12
3299,Room 9
3300,Room 5
3301,Room 8
3302,Room 10
3303,Room 8
3304,Room 4
3305,Room 6
3306,Room 5
3307,Room 10
3308,Room 2
3309,Room 5
3310,Room 6
3311,Room 1
3312,Room 11
3313,Room 10
3314,Room 8
3315,Room 7
3316,Room 4
3317,Room 6
3318,Room 10
3319,Room 12
3320,Room 12
3321,Room 11
3322,Room 11
3323,Room 12
3324,Room 4
3325,Room 3
3326,Room 12
3327,Room 12
3328,Room 2
3329,Room 2
3330,Room 7
3331,Room 4
3332,Room 7
3333,Room 7
3334,Room 5
3335,Room 1
3336,Room 11
3337,Room 2
3338,Room 3
3339,Room 2
3340,Room 11
3341,Room 11
3342,Room 8
3343,Room 11
3344,Room 1
3345,Room 10
3346,Room 3
3347,Room 5
3348,Room 2
3349,Room 6
3350,Room 12
3351,Room 5
3352,Room 3
3353,Room 1
3354,Room 9
3355,Room 2
3356,Room 3
3357,Room 5
3358,Room 12
3359,Room 2
3360,Room 5
3361,Room 3
3362,Room 1
3363,Room 2
3364,Room 11
3365,Room 4
3366,Room 4
3367,Room 2
3368,Room 3
3369,Room 5
3370,Room 9
3371,Room 5
3372,Room 2
3373,Room 7
3374,Room 2
3375,Room 2
3376,Room 1
3377,Room 4
3378,Room 2
3379,Room 3
3380,Room 2
3381,Room 3
3382,Room 3
3383,Room 10
3384,Room 7
3385,Room 11
3386,Room 6
3387,Room 2
3388,Room 12
3389,Room 12
3390,Room 2
3391,Room 11
3392,Room 3
3393,Room 6
3394,Room 10
3395,Room 3
3396,Room 2
3397,Room 7
3398,Room 2
3399,Room 8
3400,Room 9
3401,Room 8
3402,Room 1
3403,Room 4
3404,Room 5
3405,Room 1
3406,Room 7
3407,Room 6
3408,Room 8
3409,Room 3
3410,Room 3
3411,Room 7
3412,Room 2
3413,Room 3
3414,Room 7
3415,Room 3
3416,Room 2
3417,Room 4
3418,Room 1
3419,Room 6
3420,Room 1
3421,Room 9
3422,Room 12
3423,Room 4
3424,Room 8
3425,Room 6
3426,Room 6
3427,Room 1
3428,Room 4
3429,Room 6
3430,Room 2
3431,Room 3
3432,Room 9
3433,Room 11
3434,Room 6
3435,Room 8
3436,Room 11
3437,Room 2
3438,Room 8
3439,Room 5
3440,Room 6
3441,Room 1
3442,Room 5
3443,Room 12
3444,Room 2
3445,Room 1
3446,Room 3
3447,Room 5
3448,Room 2
3449,Room 10
3450,Room 11
3451,Room 9
3452,Room 1
3453,Room 7
3454,Room 3
3455,Room 6
3456,Room 12
3457,Room 7
3458,Room 4
3459,Room 4
3460,Room 3
3461,Room 1
3462,Room 3
3463,Room 12
3464,Room 10
3465,Room 2
3466,Room 6
3467,Room 7
3468,Room 8
3469,Room 6
3470,Room 1
3471,Room 1
3472,Room 3
3473,Room 12
3474,Room 7
3475,Room 11
3476,Room 12
3477,Room 9
3478,Room 8
3479,Room 2
3480,Room 6
3481,Room 11
3482,Room 4
3483,Room 3
3484,Room 7
3485,Room 10
3486,Room 4
3487,Room 11
3488,Room 3
3489,Room 4
3490,Room 9
3491,Room 6
3492,Room 10
3493,Room 1
3494,Room 1
3495,Room 10
3496,Room 2
3497,Room 3
3498,Room 8
3499,Room 7
3500,Room 11
3501,Room 5
3502,Room 3
3503,Room 3
3504,Room 1
3505,Room 7
3506,Room 9
3507,Room 10
3508,Room 4
3509,Room 11
3510,Room 9
3511,Room 5
3512,Room 1
3513,Room 4
3514,Room 4
3515,Room 7
3516,Room 11
3517,Room 2
3518,Room 1
3519,Room 3
3520,Room 4
3521,Room 2
3522,Room 1
3523,Room 12
3524,Room 3
3525,Room 2
3526,Room 12
3527,Room 5
3528,Room 1
3529,Room 12
3530,Room 8
3531,Room 10
3532,Room 8
3533,Room 9
3534,Room 9
3535,Room 6
3536,Room 9
3537,Room 1
3538,Room 10
3539,Room 6
3540,Room 9
3541,Room 5
3542,Room 12
3543,Room 3
3544,Room 2
3545,Room 5
3546,Room 2
3547,Room 2
3548,Room 9
3549,Room 2
3550,Room 2
3551,Room 10
3552,Room 12
3553,Room 4
3554,Room 1
3555,Room 6
3556,Room 12
3557,Room 3
3558,Room 3
3559,Room 2
3560,Room 10
3561,Room 8
3562,Room 6
3563,Room 9
3564,Room 9
3565,Room 8
3566,Room 11
3567,Room 3
3568,Room 6
3569,Room 3
3570,Room 9
3571,Room 6
3572,Room 1
3573,Room 3
3574,Room 3
3575,Room 3
3576,Room 3
3577,Room 2
3578,Room 9
3579,Room 10
3580,Room 1
3581,Room 8
3582,Room 3
3583,Room 6
3584,Room 9
3585,Room 9
3586,Room 3
3587,Room 2
3588,Room 11
3589,Room 9
3590,Room 5
3591,Room 9
3592,Room 9
3593,Room 4
3594,Room 6
3595,Room 6
3596,Room 4
3597,Room 8
3598,Room 4
3599,Room 5
3600,Room 3
3601,Room 2
3602,Room 3
3603,Room 8
3604,Room 6
3605,Room 2
3606,Room 1
3607,Room 11
3608,Room 10
3609,Room 9
3610,Room 1
3611,Room 10
3612,Room 4
3613,Room 8
3614,Room 5
3615,Room 1
3616,Room 11
3617,Room 7
3618,Room 2
3619,Room 1
3620,Room 1
3621,Room 9
3622,Room 9
3623,Room 5
3624,Room 2
3625,Room 4
3626,Room 6
3627,Room 1
3628,Room 1
3629,Room 4
3630,Room 10
3631,Room 2
3632,Room 4
3633,Room 3
3634,Room 6
3635,Room 6
3636,Room 1
3637,Room 4
3638,Room 2
3639,Room 11
3640,Room 11
3641,Room 2
3642,Room 3
3643,Room 6
3644,Room 2
3645,Room 10
3646,Room 7
3647,Room 9
3648,Room 7
3649,Room 3
3650,Room 10
3651,Room 4
3652,Room 3
3653,Room 7
3654,Room 1
3655,Room 9
3656,Room 3
3657,Room 10
3658,Room 12
3659,Room 7
3660,Room 2
3661,Room 2
3662,Room 3
3663,Room 5
3664,Room 6
3665,Room 5
3666,Room 8
3667,Room 6
3668,Room 5
3669,Room 3
3670,Room 6
3671,Room 10
3672,Room 10
3673,Room 6
3674,Room 6
3675,Room 3
3676,Room 1
3677,Room 8
3678,Room 7
3679,Room 7
3680,Room 8
3681,Room 4
3682,Room 7
3683,Room 1
3684,Room 2
3685,Room 5
3686,Room 11
3687,Room 1
3688,Room 4
3689,Room 4
3690,Room 4
3691,Room 4
3692,Room 2
3693,Room 4
3694,Room 9
3695,Room 5
3696,Room 2
3697,Room 11
3698,Room 2
3699,Room 2
3700,Room 5
3701,Room 8
3702,Room 3
3703,Room 10
3704,Room 8
3705,Room 5
3706,Room 12
3707,Room 7
3708,Room 10
3709,Room 6
3710,Room 4
3711,Room 2
3712,Room 7
3713,Room 11
3714,Room 11
3715,Room 2
3716,Room 7
3717,Room 5
3718,Room 5
3719,Room 7
3720,Room 5
3721,Room 12
3722,Room 11
3723,Room 12
3724,Room 3
3725,Room 1
3726,Room 5
3727,Room 1
3728,Room 1
3729,Room 2
3730,Room 8
3731,Room 1
3732,Room 5
3733,Room 1
3734,Room 4
3735,Room 6
3736,Room 6
3737,Room 8
3738,Room 1
3739,Room 4
3740,Room 6
3741,Room 9
3742,Room 2
3743,Room 2
3744,Room 6
3745,Room 7
3746,Room 3
3747,Room 1
3748,Room 6
3749,Room 9
3750,Room 8
3751,Room 7
3752,Room 3
3753,Room 4
3754,Room 5
3755,Room 2
3756,Room 12
3757,Room 5
3758,Room 6
3759,Room 12
3760,Room 11
3761,Room 3
3762,Room 2
3763,Room 5
3764,Room 2
3765,Room 3
3766,Room 6
3767,Room 4
3768,Room 5
3769,Room 3
3770,Room 6
3771,Room 10
3772,Room 1
3773,Room 10
3774,Room 12
3775,Room 10
3776,Room 2
3777,Room 4
3778,Room 3
3779,Room 10
3780,Room 3
3781,Room 8
3782,Room 9
3783,Room 8
3784,Room 6
3785,Room 2
3786,Room 9
3787,Room 7
3788,Room 1
3789,Room 2
3790,Room 2
3791,Room 1
3792,Room 9
3793,Room 1
3794,Room 6
3795,Room 4
3796,Room 7
3797,Room 6
3798,Room 8
3799,Room 7
3800,Room 7
3801,Room 9
3802,Room 11
3803,Room 9
3804,Room 7
3805,Room 1
3806,Room 3
3807,Room 10
3808,Room 10
3809,Room 7
3810,Room 6
3811,Room 2
3812,Room 3
3813,Room 1
3814,Room 8
3815,Room 5
3816,Room 4
3817,Room 5
3818,Room 10
3819,Room 3
3820,Room 9
3821,Room 7
3822,Room 2
3823,Room 9
3824,Room 12
3825,Room 4
3826,Room 2
3827,Room 1
3828,Room 4
3829,Room 6
3830,Room 12
3831,Room 1
3832,Room 4
3833,Room 8
3834,Room 8
3835,Room 1
3836,Room 1
3837,Room 1
3838,Room 7
3839,Room 3
3840,Room 5
3841,Room 2
3842,Room 4
3843,Room 2
3844,Room 1
3845,Room 5
3846,Room 1
3847,Room 10
3848,Room 10
3849,Room 4
3850,Room 4
3851,Room 8
3852,Room 3
3853,Room 9
3854,Room 5
3855,Room 1
3856,Room 2
3857,Room 5
3858,Room 5
3859,Room 10
3860,Room 6
3861,Room 7
3862,Room 7
3863,Room 12
3864,Room 3
3865,Room 3
3866,Room 8
3867,Room 6
3868,Room 6
3869,Room 1
3870,Room 12
3871,Room 4
3872,Room 12
3873,Room 3
3874,Room 2
3875,Room 5
3876,Room 5
3877,Room 5
3878,Room 10
3879,Room 9
3880,Room 11
3881,Room 9
3882,Room 4
3883,Room 3
3884,Room 10
3885,Room 4
3886,Room 11
3887,Room 6
3888,Room 5
3889,Room 2
3890,Room 12
3891,Room 2
3892,Room 4
3893,Room 4
3894,Room 1
3895,Room 5
3896,Room 1
3897,Room 3
3898,Room 5
3899,Room 4
3900,Room 2
3901,Room 4
3902,Room 11
3903,Room 9
3904,Room 1
3905,Room 12
3906,Room 2
3907,Room 7
3908,Room 5
3909,Room 9
3910,Room 7
3911,Room 5
3912,Room 5
3913,Room 1
3914,Room 11
3915,Room 10
3916,Room 12
3917,Room 9
3918,Room 4
3919,Room 3
3920,Room 1
3921,Room 11
3922,Room 5
3923,Room 11
3924,Room 5
3925,Room 1
3926,Room 3
3927,Room 6
3928,Room 1
3929,Room 7
3930,Room 9
3931,Room 4
3932,Room 4
3933,Room 4
3934,Room 8
3935,Room 7
3936,Room 9
3937,Room 6
3938,Room 4
3939,Room 10
3940,Room 1
3941,Room 8
3942,Room 4
3943,Room 2
3944,Room 3
3945,Room 9
3946,Room 5
3947,Room 12
3948,Room 5
3949,Room 10
3950,Room 1
3951,Room 6
3952,Room 5
3953,Room 6
3954,Room 9
3955,Room 6
3956,Room 1
3957,Room 2
3958,Room 7
3959,Room 6
3960,Room 7
3961,Room 7
3962,Room 7
3963,Room 4
3964,Room 1
3965,Room 5
3966,Room 2
3967,Room 5
3968,Room 9
3969,Room 5
3970,Room 2
3971,Room 9
3972,Room 5
3973,Room 12
3974,Room 3
3975,Room 2
3976,Room 4
3977,Room 5
3978,Room 3
3979,Room 3
3980,Room 3
3981,Room 3
3982,Room 1
3983,Room 1
3984,Room 3
3985,Room 2
3986,Room 11
3987,Room 4
3988,Room 1
3989,Room 5
3990,Room 1
3991,Room 9
3992,Room 9
3993,Room 11
3994,Room 5
3995,Room 6
3996,Room 2
3997,Room 5
3998,Room 1
3999,Room 10
4000,Room 7
4001,Room 5
4002,Room 10
4003,Room 6
4004,Room 2
4005,Room 2
4006,Room 12
4007,Room 4
4008,Room 9
4009,Room 11
4010,Room 3
4011,Room 11
4012,Room 1
4013,Room 5
4014,Room 3
4015,Room 2
4016,Room 1
4017,Room 3
4018,Room 3
4019,Room 5
4020,Room 12
4021,Room 4
4022,Room 2
4023,Room 11
4024,Room 9
4025,Room 12
4026,Room 4
4027,Room 5
4028,Room 8
4029,Room 6
4030,Room 9
4031,Room 1
4032,Room 4
4033,Room 9
4034,Room 6
4035,Room 4
4036,Room 1
4037,Room 9
4038,Room 12
4039,Room 9
4040,Room 1
4041,Room 4
4042,Room 6
4043,Room 3
4044,Room 1
4045,Room 12
4046,Room 1
4047,Room 3
4048,Room 3
4049,Room 5
4050,Room 10
4051,Room 3
4052,Room 11
4053,Room 9
4054,Room 2
4055,Room 5
4056,Room 8
4057,Room 9
4058,Room 4
4059,Room 1
4060,Room 3
4061,Room 4
4062,Room 5
4063,Room 6
4064,Room 7
4065,Room 2
4066,Room 1
4067,Room 8
4068,Room 4
4069,Room 4
4070,Room 1
4071,Room 12
4072,Room 3
4073,Room 3
4074,Room 4
4075,Room 6
4076,Room 6
4077,Room 6
4078,Room 1
4079,Room 11
4080,Room 6
4081,Room 6
4082,Room 3
4083,Room 8
4084,Room 11
4085,Room 5
4086,Room 1
4087,Room 1
4088,Room 3
4089,Room 9
4090,Room 1
4091,Room 1
4092,Room 4
4093,Room 11
4094,Room 3
4095,Room 2
4096,Room 7
4097,Room 6
4098,Room 9
4099,Room 11
4100,Room 8
4101,Room 1
4102,Room 12
4103,Room 2
4104,Room 1
4105,Room 5
4106,Room 6
4107,Room 4
4108,Room 3
4109,Room 2
4110,Room 3
4111,Room 12
4112,Room 1
4113,Room 4
4114,Room 11
4115,Room 6
4116,Room 3
4117,Room 12
4118,Room 1
4119,Room 12
4120,Room 3
4121,Room 4
4122,Room 4
4123,Room 9
4124,Room 5
4125,Room 2
4126,Room 4
4127,Room 8
4128,Room 6
4129,Room 9
4130,Room 7
4131,Room 10
4132,Room 8
4133,Room 4
4134,Room 3
4135,Room 5
4136,Room 2
4137,Room 3
4138,Room 2
4139,Room 8
4140,Room 6
4141,Room 10
4142,Room 4
4143,Room 4
4144,Room 11
4145,Room 5
4146,Room 3
4147,Room 2
4148,Room 9
4149,Room 3
4150,Room 1
4151,Room 7
4152,Room 3
4153,Room 3
4154,Room 9
4155,Room 2
4156,Room 10
4157,Room 10
4158,Room 8
4159,Room 3
4160,Room 12
4161,Room 6
4162,Room 9
4163,Room 6
4164,Room 6
4165,Room 1
4166,Room 4
4167,Room 11
4168,Room 9
4169,Room 1
4170,Room 7
4171,Room 4
4172,Room 4
4173,Room 12
4174,Room 1
4175,Room 5
4176,Room 11
4177,Room 8
4178,Room 8
4179,Room 1
4180,Room 5
4181,Room 10
4182,Room 1
4183,Room 2
4184,Room 6
4185,Room 3
4186,Room 3
4187,Room 11
4188,Room 4
4189,Room 3
4190,Room 3
4191,Room 5
4192,Room 6
4193,Room 4
4194,Room 9
4195,Room 9
4196,Room 1
4197,Room 1
4198,Room 4
4199,Room 2
4200,Room 2
4201,Room 6
4202,Room 2
4203,Room 2
4204,Room 4
4205,Room 3
4206,Room 9
4207,Room 7
4208,Room 10
4209,Room 5
4210,Room 10
4211,Room 2
4212,Room 2
4213,Room 6
4214,Room 8
4215,Room 4
4216,Room 10
4217,Room 2
4218,Room 1
4219,Room 2
4220,Room 6
4221,Room 11
4222,Room 7
4223,Room 12
4224,Room 5
4225,Room 7
4226,Room 8
4227,Room 1
4228,Room 1
4229,Room 2
4230,Room 3
4231,Room 3
4232,Room 7
4233,Room 4
4234,Room 8
4235,Room 4
4236,Room 12
4237,Room 5
4238,Room 4
4239,Room 1
4240,Room 3
4241,Room 10
4242,Room 12
4243,Room 6
4244,Room 12
4245,Room 9
4246,Room 6
4247,Room 8
4248,Room 1
4249,Room 6
4250,Room 2
4251,Room 7
4252,Room 9
4253,Room 2
4254,Room 2
4255,Room 5
4256,Room 12
4257,Room 7
4258,Room 1
4259,Room 3
4260,Room 6
4261,Room 7
4262,Room 3
4263,Room 1
4264,Room 7
4265,Room 4
4266,Room 3
4267,Room 1
4268,Room 12
4269,Room 2
4270,Room 12
4271,Room 12
4272,Room 9
4273,Room 6
4274,Room 6
4275,Room 4
4276,Room 8
4277,Room 2
4278,Room 1
4279,Room 4
4280,Room 7
4281,Room 9
4282,Room 1
4283,Room 1
4284,Room 12
4285,Room 2
4286,Room 12
4287,Room 10
4288,Room 2
4289,Room 1
4290,Room 7
4291,Room 5
4292,Room 1
4293,Room 2
4294,Room 6
4295,Room 4
4296,Room 5
4297,Room 6
4298,Room 6
4299,Room 9
4300,Room 1
4301,Room 3
4302,Room 6
4303,Room 4
4304,Room 2
4305,Room 6
4306,Room 2
4307,Room 2
4308,Room 3
4309,Room 3
4310,Room 7
4311,Room 3
4312,Room 5
4313,Room 4
4314,Room 2
4315,Room 3
4316,Room 9
4317,Room 3
4318,Room 11
4319,Room 2
4320,Room 5
4321,Room 3
4322,Room 8
4323,Room 1
4324,Room 2
4325,Room 2
4326,Room 1
4327,Room 3
4328,Room 4
4329,Room 2
4330,Room 7
4331,Room 2
4332,Room 3
4333,Room 6
4334,Room 3
4335,Room 10
4336,Room 2
4337,Room 8
4338,Room 6
4339,Room 1
4340,Room 5
4341,Room 6
4342,Room 9
4343,Room 8
4344,Room 9
4345,Room 4
4346,Room 5
4347,Room 12
4348,Room 7
4349,Room 2
4350,Room 7
4351,Room 8
4352,Room 7
4353,Room 1
4354,Room 3
4355,Room 3
4356,Room 7
4357,Room 9
4358,Room 5
4359,Room 3
4360,Room 2
4361,Room 7
4362,Room 1
4363,Room 6
4364,Room 1
4365,Room 1
4366,Room 7
4367,Room 1
4368,Room 7
4369,Room 8
4370,Room 8
4371,Room 5
4372,Room 5
4373,Room 1
4374,Room 6
4375,Room 11
4376,Room 6
4377,Room 8
4378,Room 5
4379,Room 4
4380,Room 11
4381,Room 9
4382,Room 3
4383,Room 3
4384,Room 7
4385,Room 9
4386,Room 4
4387,Room 6
4388,Room 10
4389,Room 7
4390,Room 1
4391,Room 7
4392,Room 11
4393,Room 2
4394,Room 3
4395,Room 5
4396,Room 2
4397,Room 9
4398,Room 8
4399,Room 3
4400,Room 1
4401,Room 9
4402,Room 2
4403,Room 8
4404,Room 3
4405,Room 1
4406,Room 8
4407,Room 11
4408,Room 8
4409,Room 4
4410,Room 3
4411,Room 1
4412,Room 5
4413,Room 4
4414,Room 1
4415,Room 12
4416,Room 1
4417,Room 11
4418,Room 2
4419,Room 5
4420,Room 11
4421,Room 5
4422,Room 5
4423,Room 7
4424,Room 6
4425,Room 2
4426,Room 5
4427,Room 7
4428,Room 7
4429,Room 8
4430,Room 10
4431,Room 3
4432,Room 8
4433,Room 12
4434,Room 2
4435,Room 5
4436,Room 6
4437,Room 10
4438,Room 5
4439,Room 7
4440,Room 1
4441,Room 2
4442,Room 10
4443,Room 8
4444,Room 7
4445,Room 9
4446,Room 4
4447,Room 11
4448,Room 5
4449,Room 7
4450,Room 5
4451,Room 10
4452,Room 2
4453,Room 1
4454,Room 1
4455,Room 2
4456,Room 2
4457,Room 5
4458,Room 9
4459,Room 9
4460,Room 2
4461,Room 1
4462,Room 3
4463,Room 9
4464,Room 9
4465,Room 9
4466,Room 9
4467,Room 10
4468,Room 5
4469,Room 7
4470,Room 4
4471,Room 5
4472,Room 6
4473,Room 1
4474,Room 12
4475,Room 4
4476,Room 3
4477,Room 2
4478,Room 2
4479,Room 7
4480,Room 1
4481,Room 1
4482,Room 6
4483,Room 5
4484,Room 3
4485,Room 8
4486,Room 5
4487,Room 10
4488,Room 1
4489,Room 2
4490,Room 8
4491,Room 2
4492,Room 7
4493,Room 7
4494,Room 2
4495,Room 7
4496,Room 3
4497,Room 6
4498,Room 10
4499,Room 2
4500,Room 7
4501,Room 11
4502,Room 5
4503,Room 12
4504,Room 2
4505,Room 2
4506,Room 7
4507,Room 11
4508,Room 3
4509,Room 5
4510,Room 5
4511,Room 8
4512,Room 11
4513,Room 8
4514,Room 8
4515,Room 4
4516,Room 5
4517,Room 11
4518,Room 1
4519,Room 9
4520,Room 2
4521,Room 5
4522,Room 1
4523,Room 9
4524,Room 2
4525,Room 5
4526,Room 9
4527,Room 4
4528,Room 7
4529,Room 2
4530,Room 10
4531,Room 12
4532,Room 1
4533,Room 8
4534,Room 10
4535,Room 8
4536,Room 7
4537,Room 5
4538,Room 2
4539,Room 2
4540,Room 7
4541,Room 12
4542,Room 2
4543,Room 11
4544,Room 3
4545,Room 10
4546,Room 12
4547,Room 7
4548,Room 1
4549,Room 7
4550,Room 10
4551,Room 5
4552,Room 5
4553,Room 1
4554,Room 8
4555,Room 1
4556,Room 10
4557,Room 3
4558,Room 3
4559,Room 3
4560,Room 4
4561,Room 8
4562,Room 8
4563,Room 6
4564,Room 7
4565,Room 5
4566,Room 2
4567,Room 5
4568,Room 5
4569,Room 2
4570,Room 8
4571,Room 5
4572,Room 2
4573,Room 5
4574,Room 8
4575,Room 5
4576,Room 12
4577,Room 8
4578,Room 12
4579,Room 2
4580,Room 7
4581,Room 9
4582,Room 7
4583,Room 10
4584,Room 2
4585,Room 5
4586,Room 1
4587,Room 11
4588,Room 5
4589,Room 11
4590,Room 8
4591,Room 5
4592,Room 10
4593,Room 11
4594,Room 9
4595,Room 11
4596,Room 5
4597,Room 1
4598,Room 1
4599,Room 8
4600,Room 10
4601,Room 9
4602,Room 8
4603,Room 2
4604,Room 10
4605,Room 5
4606,Room 3
4607,Room 5
4608,Room 4
4609,Room 9
4610,Room 2
4611,Room 5
4612,Room 5
4613,Room 5
4614,Room 5
4615,Room 2
4616,Room 2
4617,Room 12
4618,Room 10
4619,Room 5
4620,Room 2
4621,Room 5
4622,Room 6
4623,Room 9
4624,Room 11
4625,Room 5
4626,Room 2
4627,Room 2
4628,Room 5
4629,Room 2
4630,Room 9
4631,Room 1
4632,Room 9
4633,Room 5
4634,Room 9
4635,Room 5
4636,Room 11
4637,Room 5
4638,Room 3
4639,Room 1
4640,Room 7
4641,Room 2
4642,Room 5
4643,Room 9
4644,Room 7
4645,Room 11
4646,Room 4
4647,Room 9
4648,Room 5
4649,Room 1
4650,Room 2
4651,Room 3
4652,Room 1
4653,Room 5
4654,Room 7
4655,Room 3
4656,Room 12
4657,Room 2
4658,Room 9
4659,Room 2
4660,Room 5
4661,Room 8
4662,Room 1
4663,Room 5
4664,Room 2
4665,Room 7
4666,Room 11
4667,Room 2
4668,Room 6
4669,Room 2
4670,Room 5
4671,Room 2
4672,Room 2
4673,Room 6
4674,Room 5
4675,Room 7
4676,Room 1
4677,Room 2
4678,Room 3
4679,Room 7
4680,Room 5
4681,Room 12
4682,Room 3
4683,Room 2
4684,Room 3
4685,Room 2
4686,Room 1
4687,Room 5
4688,Room 8
4689,Room 2
4690,Room 12
4691,Room 10
4692,Room 11
4693,Room 9
4694,Room 5
4695,Room 8
4696,Room 12
4697,Room 1
4698,Room 9
4699,Room 1
4700,Room 5
4701,Room 10
4702,Room 3
4703,Room 9
4704,Room 1
4705,Room 4
4706,Room 5
4707,Room 1
4708,Room 12
4709,Room 11
4710,Room 2
4711,Room 11
4712,Room 4
4713,Room 10
4714,Room 3
4715,Room 5
4716,Room 2
4717,Room 7
4718,Room 8
4719,Room 1
4720,Room 5
4721,Room 8
4722,Room 2
4723,Room 1
4724,Room 5
4725,Room 1
4726,Room 4
4727,Room 6
4728,Room 1
4729,Room 8
4730,Room 11
4731,Room 2
4732,Room 6
4733,Room 4
4734,Room 7
4735,Room 5
4736,Room 6
4737,Room 8
4738,Room 7
4739,Room 9
4740,Room 1
4741,Room 11
4742,Room 3
4743,Room 6
4744,Room 7
4745,Room 2
4746,Room 7
4747,Room 6
4748,Room 4
4749,Room 2
4750,Room 9
4751,Room 8
4752,Room 9
4753,Room 11
4754,Room 8
4755,Room 10
4756,Room 7
4757,Room 5
4758,Room 2
4759,Room 11
4760,Room 9
4761,Room 8
4762,Room 2
4763,Room 2
4764,Room 12
4765,Room 5
4766,Room 3
4767,Room 11
4768,Room 2
4769,Room 5
4770,Room 6
4771,Room 1
4772,Room 8
4773,Room 8
4774,Room 2
4775,Room 11
4776,Room 10
4777,Room 5
4778,Room 3
4779,Room 3
4780,Room 6
4781,Room 1
4782,Room 1
4783,Room 8
4784,Room 10
4785,Room 8
4786,Room 8
4787,Room 1
4788,Room 5
4789,Room 4
4790,Room 2
4791,Room 8
4792,Room 9
4793,Room 1
4794,Room 5
4795,Room 12
4796,Room 6
4797,Room 5
4798,Room 2
4799,Room 2
4800,Room 2
4801,Room 5
4802,Room 9
4803,Room 2
4804,Room 1
4805,Room 3
4806,Room 3
4807,Room 7
4808,Room 2
4809,Room 12
4810,Room 1
4811,Room 5
4812,Room 8
4813,Room 4
4814,Room 4
4815,Room 5
4816,Room 5
4817,Room 1
4818,Room 12
4819,Room 11
4820,Room 11
4821,Room 9
4822,Room 2
4823,Room 4
4824,Room 11
4825,Room 6
4826,Room 10
4827,Room 11
4828,Room 5
4829,Room 5
4830,Room 1
4831,Room 10
4832,Room 1
4833,Room 7
4834,Room 12
4835,Room 3
4836,Room 7
4837,Room 5
4838,Room 12
4839,Room 5
4840,Room 3
4841,Room 11
4842,Room 9
4843,Room 2
4844,Room 7
4845,Room 2
4846,Room 12
4847,Room 2
4848,Room 11
4849,Room 9
4850,Room 10
4851,Room 7
4852,Room 11
4853,Room 5
4854,Room 3
4855,Room 10
4856,Room 2
4857,Room 6
4858,Room 5
4859,Room 7
4860,Room 2
4861,Room 8
4862,Room 5
4863,Room 6
4864,Room 5
4865,Room 6
4866,Room 2
4867,Room 9
4868,Room 2
4869,Room 10
4870,Room 7
4871,Room 8
4872,Room 2
4873,Room 2
4874,Room 9
4875,Room 1
4876,Room 3
4877,Room 7
4878,Room 9
4879,Room 7
4880,Room 7
4881,Room 2
4882,Room 4
4883,Room 2
4884,Room 11
4885,Room 1
4886,Room 5
4887,Room 5
4888,Room 11
4889,Room 5
4890,Room 1
4891,Room 2
4892,Room 1
4893,Room 7
4894,Room 5
4895,Room 5
4896,Room 5
4897,Room 5
4898,Room 8
4899,Room 5
4900,Room 5
4901,Room 2
4902,Room 1
4903,Room 1
4904,Room 9
4905,Room 3
4906,Room 7
4907,Room 3
4908,Room 2
4909,Room 5
4910,Room 1
4911,Room 12
4912,Room 3
4913,Room 10
4914,Room 2
4915,Room 8
4916,Room 5
4917,Room 5
4918,Room 1
4919,Room 2
4920,Room 12
4921,Room 1
4922,Room 11
4923,Room 6
4924,Room 7
4925,Room 5
4926,Room 8
4927,Room 3
4928,Room 7
4929,Room 5
4930,Room 10
4931,Room 11
4932,Room 1
4933,Room 1
4934,Room 9
4935,Room 9
4936,Room 2
4937,Room 2
4938,Room 2
4939,Room 6
4940,Room 1
4941,Room 2
4942,Room 2
4943,Room 2
4944,Room 9
4945,Room 2
4946,Room 2
4947,Room 9
4948,Room 9
4949,Room 7
4950,Room 5
4951,Room 1
4952,Room 5
4953,Room 1
4954,Room 2
4955,Room 10
4956,Room 5
4957,Room 1
4958,Room 1
4959,Room 9
4960,Room 6
4961,Room 11
4962,Room 6
4963,Room 6
4964,Room 9
4965,Room 6
4966,Room 10
4967,Room 1
4968,Room 5
4969,Room 10
4970,Room 5
4971,Room 11
4972,Room 2
4973,Room 10
4974,Room 5
4975,Room 1
4976,Room 9
4977,Room 9
4978,Room 12
4979,Room 5
4980,Room 10
4981,Room 2
4982,Room 2
4983,Room 9
4984,Room 2
4985,Room 9
4986,Room 2
4987,Room 5
4988,Room 11
4989,Room 8
4990,Room 7
4991,Room 10
4992,Room 5
4993,Room 9
4994,Room 5
4995,Room 7
4996,Room 1
4997,Room 6
4998,Room 10
4999,Room 8
5000,Room 4
5001,Room 12
5002,Room 1
5003,Room 6
5004,Room 9
5005,Room 6
5006,Room 2
5007,Room 1
5008,Room 7
5009,Room 12
5010,Room 3
5011,Room 9
5012,Room 8
5013,Room 10
5014,Room 10
5015,Room 8
5016,Room 2
5017,Room 1
5018,Room 2
5019,Room 5
5020,Room 2
5021,Room 2
5022,Room 4
5023,Room 5
5024,Room 1
5025,Room 7
5026,Room 5
5027,Room 5
5028,Room 2
5029,Room 5
5030,Room 5
5031,Room 5
5032,Room 1
5033,Room 5
5034,Room 9
5035,Room 8
5036,Room 2
5037,Room 5
5038,Room 11
5039,Room 12
5040,Room 10
5041,Room 5
5042,Room 1
5043,Room 8
5044,Room 1
5045,Room 10
5046,Room 9
5047,Room 5
5048,Room 5
5049,Room 7
5050,Room 5
5051,Room 1
5052,Room 1
5053,Room 10
5054,Room 8
5055,Room 2
5056,Room 5
5057,Room 7
5058,Room 5
5059,Room 9
5060,Room 1
5061,Room 2
5062,Room 8
5063,Room 10
5064,Room 5
5065,Room 7
5066,Room 3
5067,Room 5
5068,Room 1
5069,Room 2
5070,Room 2
5071,Room 3
5072,Room 2
5073,Room 5
5074,Room 5
5075,Room 5
5076,Room 3
5077,Room 3
5078,Room 11
5079,Room 7
5080,Room 7
5081,Room 5
5082,Room 6
5083,Room 5
5084,Room 8
5085,Room 3
5086,Room 2
5087,Room 2
5088,Room 12
5089,Room 3
5090,Room 5
5091,Room 5
5092,Room 5
5093,Room 2
5094,Room 8
5095,Room 9
5096,Room 3
5097,Room 2
5098,Room 9
5099,Room 2
5100,Room 12
5101,Room 4
5102,Room 11
5103,Room 8
5104,Room 1
5105,Room 3
5106,Room 1
5107,Room 3
5108,Room 12
5109,Room 1
5110,Room 3
5111,Room 2
5112,Room 9
5113,Room 5
5114,Room 6
5115,Room 7
5116,Room 2
5117,Room 3
5118,Room 2
5119,Room 8
5120,Room 8
5121,Room 1
5122,Room 8
5123,Room 1
5124,Room 9
5125,Room 10
5126,Room 8
5127,Room 5
5128,Room 9
5129,Room 2
5130,Room 12
5131,Room 1
5132,Room 2
5133,Room 5
5134,Room 10
5135,Room 8
5136,Room 8
5137,Room 10
5138,Room 5
5139,Room 2
5140,Room 1
5141,Room 9
5142,Room 7
5143,Room 2
5144,Room 6
5145,Room 2
5146,Room 9
5147,Room 2
5148,Room 6
5149,Room 12
5150,Room 5
5151,Room 11
5152,Room 3
5153,Room 5
5154,Room 8
5155,Room 11
5156,Room 6
5157,Room 5
5158,Room 1
5159,Room 6
5160,Room 4
5161,Room 3
5162,Room 9
5163,Room 4
5164,Room 4
5165,Room 1
5166,Room 1
5167,Room 1
5168,Room 11
5169,Room 12
5170,Room 3
5171,Room 10
5172,Room 2
5173,Room 2
5174,Room 3
5175,Room 5
5176,Room 5
5177,Room 8
5178,Room 8
5179,Room 2
5180,Room 5
5181,Room 2
5182,Room 8
5183,Room 11
5184,Room 6
5185,Room 2
5186,Room 5
5187,Room 5
5188,Room 9
5189,Room 8
5190,Room 3
5191,Room 6
5192,Room 2
5193,Room 5
5194,Room 7
5195,Room 2
5196,Room 3
5197,Room 9
5198,Room 5
5199,Room 6
5200,Room 12
5201,Room 9
5202,Room 10
5203,Room 2
5204,Room 3
5205,Room 9
5206,Room 2
5207,Room 11
5208,Room 8
5209,Room 6
5210,Room 5
5211,Room 5
5212,Room 3
5213,Room 5
5214,Room 1
5215,Room 12
5216,Room 5
5217,Room 9
5218,Room 2
5219,Room 9
5220,Room 7
5221,Room 9
5222,Room 10
5223,Room 9
5224,Room 8
5225,Room 8
5226,Room 2
5227,Room 9
5228,Room 9
5229,Room 4
5230,Room 5
5231,Room 11
5232,Room 5
5233,Room 6
5234,Room 3
5235,Room 2
5236,Room 3
5237,Room 8
5238,Room 5
5239,Room 2
5240,Room 1
5241,Room 1
5242,Room 8
5243,Room 10
5244,Room 8
5245,Room 2
5246,Room 1
5247,Room 9
5248,Room 8
5249,Room 9
5250,Room 8
5251,Room 7
5252,Room 8
5253,Room 3
5254,Room 1
5255,Room 7
5256,Room 4
5257,Room 2
5258,Room 11
5259,Room 3
5260,Room 5
5261,Room 10
5262,Room 7
5263,Room 9
5264,Room 8
5265,Room 2
5266,Room 5
5267,Room 4
5268,Room 11
5269,Room 5
5270,Room 4
5271,Room 10
5272,Room 2
5273,Room 5
5274,Room 8
5275,Room 9
5276,Room 11
5277,Room 7
5278,Room 8
5279,Room 8
5280,Room 5
5281,Room 3
5282,Room 4
5283,Room 5
5284,Room 3
5285,Room 1
5286,Room 4
