Number,cluster
29297,211
29260,195
29227,227
29206,432
29190,343
29188,320
29184,322
29178,511
29164,341
29157,382
29127,423
29119,87
29103,455
29077,525
29040,311
29032,388
29019,137
29012,431
29010,15
28978,275
28972,318
28967,285
28959,10
28951,115
28946,270
28928,168
28905,276
28899,489
28895,181
28893,405
28891,409
28885,480
28882,351
28857,332
28854,322
28853,430
28844,358
28840,256
28834,513
28826,193
28819,257
28793,47
28786,429
28779,246
28764,361
28761,449
28756,460
28751,210
28718,336
28714,322
28710,330
28707,94
28683,350
28666,83
28660,264
28647,203
28632,461
28624,516
28604,353
28592,235
28586,357
28577,226
28568,464
28560,235
28554,144
28540,434
28539,130
28508,402
28493,444
28488,488
28478,513
28463,352
28454,159
28444,250
28441,513
28422,221
28415,371
28407,265
28389,473
28386,454
28364,211
28363,333
28359,47
28346,304
28338,338
28329,498
28310,498
28300,512
28295,429
28272,73
28266,483
28258,227
28254,446
28249,61
28241,427
28240,331
28235,160
28232,345
28229,401
28221,310
28220,216
28216,523
28196,103
28190,233
28189,338
28184,464
28174,221
28172,127
28167,396
28165,491
28162,495
28156,327
28153,302
28144,77
28137,424
28132,520
28110,198
28109,336
28108,188
28102,161
28100,190
28099,229
28089,507
28079,247
28077,450
28073,191
28060,162
28059,346
28050,400
28044,212
28024,380
28021,188
28019,336
28013,499
28010,506
28009,526
28004,103
27986,473
27980,179
27977,439
27970,75
27949,217
27930,344
27920,485
27919,94
27917,180
27915,147
27879,276
27878,310
27867,406
27866,520
27859,448
27850,103
27836,165
27826,285
27813,212
27803,270
27785,342
27778,23
27776,79
27775,472
27771,171
27764,354
27760,397
27756,183
27755,29
27750,512
27743,323
27725,471
27711,153
27705,239
27696,308
27690,201
27667,241
27661,434
27658,352
27649,186
27648,244
27631,359
27624,211
27616,26
27595,237
27594,273
27591,203
27574,499
27569,132
27560,397
27544,491
27539,235
27534,335
27527,329
27525,458
27519,445
27495,300
27463,285
27457,528
27455,508
27445,128
27433,98
27429,421
27428,427
27403,426
27389,429
27385,458
27372,93
27357,195
27341,78
27332,199
27330,469
27326,448
27310,46
27289,450
27282,381
27280,457
27266,380
27257,156
27256,434
27252,485
27245,186
27231,424
27228,211
27225,214
27223,469
27217,254
27212,455
27208,524
27186,470
27174,295
27164,447
27155,517
27154,342
27145,264
27144,259
27141,54
27137,507
27132,342
27131,454
27118,310
27116,199
27105,343
27102,287
27096,148
27091,510
27079,115
27078,416
27069,250
27058,518
27054,425
27031,465
27027,282
27023,454
27022,73
27019,442
27018,313
26995,435
26989,513
26988,36
26983,524
26976,20
26975,434
26972,251
26970,436
26963,461
26953,89
26950,144
26941,332
26919,121
26907,33
26906,133
26889,190
26875,21
26871,92
26867,319
26858,439
26844,152
26841,193
26837,28
26829,132
26828,82
26821,83
26818,381
26814,516
26812,133
26805,330
26804,455
26786,418
26773,513
26763,343
26762,198
26755,448
26754,474
26751,173
26744,438
26729,494
26718,316
26703,276
26696,526
26694,291
26688,394
26683,188
26655,14
26641,31
26621,47
26620,516
26612,42
26609,521
26598,430
26587,139
26577,298
26571,525
26561,214
26560,320
26557,59
26556,431
26547,137
26534,453
26527,28
26518,227
26515,281
26513,320
26507,467
26506,268
26503,370
26501,66
26500,495
26496,495
26489,149
26484,167
26473,349
26468,365
26465,506
26459,268
26453,363
26444,39
26432,397
26424,270
26414,354
26409,230
26408,137
26403,5
26399,369
26398,449
26397,485
26381,423
26371,516
26368,516
26366,101
26358,506
26356,347
26348,361
26347,447
26329,450
26328,148
26318,84
26314,129
26303,416
26290,91
26284,519
26277,279
26276,525
26252,35
26249,407
26248,197
26247,467
26234,455
26229,20
26228,483
26223,31
26221,92
26220,453
26214,60
26193,524
26191,415
26181,184
26175,383
26163,428
26150,334
26142,401
26141,441
26133,485
26125,36
26113,164
26106,352
26096,84
26089,225
26082,517
26079,310
26072,229
26070,201
26060,438
26039,405
26029,435
26024,142
26021,17
26020,418
26019,352
26016,424
26011,98
26010,206
26009,435
26007,475
26004,196
26003,149
25993,31
25971,148
25968,177
25967,527
25956,160
25944,317
25943,423
25938,298
25931,142
25926,8
25917,470
25915,477
25892,232
25888,13
25877,272
25872,455
25854,117
25853,140
25851,314
25836,319
25829,9
25819,441
25818,461
25814,307
25783,142
25773,402
25771,153
25770,450
25755,460
25737,123
25722,44
25698,304
25695,316
25686,182
25683,87
25671,178
25657,526
25643,288
25638,447
25625,267
25612,353
25611,451
25607,513
25602,57
25578,212
25568,370
25566,251
25564,336
25563,334
25561,188
25552,314
25551,380
25542,197
25521,349
25520,375
25509,500
25508,470
25505,15
25503,446
25500,193
25499,502
25491,477
25482,483
25480,208
25478,77
25477,450
25465,245
25461,301
25454,423
25452,110
25445,147
25436,272
25431,469
25426,311
25411,246
25404,282
25402,463
25401,495
25396,465
25393,376
25383,214
25379,256
25372,492
25369,458
25361,477
25354,394
25350,397
25343,529
25338,308
25326,349
25323,215
25315,361
25313,416
25310,442
25305,129
25286,170
25273,333
25266,77
25265,205
25264,179
25263,478
25255,354
25245,33
25236,369
25235,49
25227,469
25222,326
25211,493
25201,524
25197,205
25191,245
25176,331
25173,354
25161,117
25145,366
25144,323
25143,336
25138,83
25135,427
25133,328
25128,382
25124,471
25121,493
25116,276
25111,143
25108,398
25105,381
25099,522
25097,453
25091,445
25090,377
25072,363
25061,160
25054,199
25052,322
25043,474
25038,461
25033,257
25032,224
25010,369
25009,195
25003,226
25001,417
24991,419
24989,431
24981,195
24968,327
24962,506
24961,394
24952,305
24951,429
24938,419
24934,477
24921,460
24920,529
24918,273
24915,137
24907,114
24892,498
24888,390
24883,370
24880,528
24872,430
24867,353
24866,340
24864,451
24849,429
24846,503
24844,414
24843,498
24835,15
24820,268
24819,287
24813,469
24811,473
24806,381
24800,261
24798,372
24796,58
24792,392
24791,240
24790,115
24785,465
24781,509
24769,202
24765,376
24764,134
24760,229
24757,469
24755,52
24754,200
24750,272
24749,345
24742,296
24731,417
24723,433
24715,34
24712,347
24710,498
24704,428
24701,447
24699,54
24693,369
24688,462
24686,221
24685,462
24682,458
24676,426
24670,121
24668,384
24659,273
24652,165
24649,472
24648,465
24642,94
24639,201
24637,167
24617,258
24609,236
24604,291
24594,175
24585,413
24582,285
24566,343
24562,195
24561,119
24557,296
24555,460
24554,190
24550,90
24538,140
24516,423
24508,60
24501,361
24496,198
24477,511
24449,465
24445,511
24440,264
24436,315
24435,458
24433,490
24432,468
24422,427
24413,468
24412,397
24398,67
24396,480
24383,450
24381,391
24374,200
24371,336
24364,295
24363,191
24358,358
24356,371
24346,494
24344,283
24343,516
24342,127
24341,378
24340,416
24336,518
24330,381
24329,267
24323,130
24319,139
24315,513
24308,495
24306,335
24289,210
24282,523
24272,527
24258,444
24254,10
24253,21
24248,115
24238,278
24228,238
24226,501
24220,456
24215,467
24185,461
24180,355
24178,426
24177,445
24172,378
24162,343
24155,153
24151,187
24119,291
24116,293
24096,206
24094,401
24082,137
24081,360
24079,461
24074,147
24073,136
24065,265
24062,145
24061,378
24049,358
24047,72
24045,146
24039,127
24038,430
24035,408
24030,168
24025,254
24016,333
24014,290
24013,291
24012,226
24003,277
24002,264
23985,348
23983,458
23980,212
23963,495
23956,425
23953,512
23942,461
23935,368
23931,400
23930,245
23929,285
23924,227
23922,389
23915,142
23891,448
23888,144
23878,182
23875,189
23871,258
23863,409
23855,451
23849,363
23847,514
23842,118
23833,222
23815,374
23812,346
23809,241
23806,437
23805,249
23800,269
23791,56
23782,186
23781,163
23770,4
23764,166
23757,31
23754,313
23747,126
23746,120
23743,13
23741,379
23740,171
23739,468
23738,139
23736,466
23735,155
23722,255
23719,470
23701,426
23695,220
23693,490
23681,61
23675,23
23674,490
23666,189
23659,380
23644,125
23642,10
23640,175
23639,292
23637,389
23635,517
23627,438
23625,449
23621,490
23618,143
23614,79
23610,509
23592,188
23588,390
23581,356
23578,462
23576,84
23573,34
23570,200
23568,252
23564,370
23560,320
23555,471
23552,511
23548,520
23544,428
23533,245
23531,369
23528,459
23520,100
23514,426
23512,383
23509,85
23505,223
23499,280
23498,142
23496,323
23494,134
23493,223
23490,369
23488,152
23483,273
23475,470
23472,513
23470,420
23466,305
23463,226
23462,438
23461,203
23458,131
23454,174
23452,60
23445,389
23440,505
23437,455
23428,315
23423,223
23422,208
23414,508
23413,256
23410,526
23408,262
23401,14
23392,512
23391,408
23389,316
23388,291
23365,397
23360,450
23358,319
23352,402
23351,371
23348,197
23332,351
23324,382
23321,358
23315,302
23294,430
23292,236
23288,152
23285,119
23284,463
23280,199
23277,142
23274,134
23271,86
23256,479
23253,500
23252,188
23225,213
23220,408
23219,142
23215,94
23214,243
23206,320
23205,116
23200,523
23199,420
23195,77
23194,257
23193,402
23185,470
23179,242
23177,136
23171,460
23162,399
23161,365
23148,463
23141,270
23137,246
23136,450
23133,197
23131,420
23130,158
23126,296
23124,461
23114,281
23109,522
23102,140
23095,329
23094,305
23092,139
23091,401
23086,444
23081,331
23080,400
23078,299
23076,437
23064,283
23053,171
23052,263
23049,149
23047,306
23046,336
23041,119
23035,222
23025,299
23023,438
23022,468
23021,489
23016,307
23014,250
23010,287
22999,461
22995,249
22992,381
22991,468
22990,390
22984,331
22983,256
22982,230
22974,498
22960,303
22959,275
22957,46
22925,291
22916,456
22912,260
22904,282
22902,113
22900,417
22899,311
22897,458
22896,387
22892,317
22880,76
22873,226
22861,185
22860,318
22857,379
22852,306
22846,496
22837,506
22834,389
22833,525
22832,433
22828,221
22820,428
22815,249
22812,280
22809,428
22806,275
22787,425
22781,173
22779,302
22777,322
22772,469
22771,470
22770,497
22769,522
22765,350
22759,469
22755,223
22743,494
22742,169
22739,225
22722,308
22721,350
22719,528
22713,382
22711,475
22699,419
22698,436
22686,226
22683,387
22680,465
22679,276
22677,370
22665,495
22664,34
22663,284
22659,351
22657,475
22655,444
22648,213
22642,293
22637,307
22632,439
22631,425
22624,117
22599,83
22594,125
22580,458
22571,291
22568,475
22563,350
22561,463
22548,211
22546,16
22545,229
22539,152
22536,167
22528,460
22519,284
22518,350
22515,93
22508,167
22501,164
22500,43
22499,115
22491,75
22485,447
22483,80
22482,406
22476,371
22472,454
22471,279
22464,199
22455,471
22454,127
22441,33
22437,371
22435,261
22431,120
22429,468
22418,254
22402,525
22400,451
22397,517
22396,116
22395,175
22391,251
22387,406
22382,427
22381,421
22375,434
22366,350
22362,137
22361,451
22359,498
22355,405
22351,507
22350,434
22347,370
22334,472
22332,491
22327,517
22323,285
22320,357
22318,329
22312,464
22306,163
22305,431
22303,503
22300,266
22294,96
22291,133
22290,348
22285,496
22282,253
22280,449
22264,212
22260,192
22246,54
22242,509
22234,485
22221,495
22218,310
22213,188
22200,481
22189,267
22178,274
22169,310
22164,333
22162,457
22147,8
22146,332
22143,299
22137,426
22133,259
22127,282
22125,424
22120,105
22117,50
22102,226
22093,90
22089,273
22083,515
22082,20
22081,328
22078,478
22077,353
22070,319
22067,382
22066,470
22065,76
22063,428
22060,138
22057,158
22039,365
22036,183
22023,249
22021,293
22013,312
22012,129
21991,310
21986,282
21983,361
21979,7
21974,440
21963,396
21962,446
21958,429
21956,375
21952,121
21946,502
21945,521
21943,348
21942,47
21939,291
21928,383
21919,500
21916,495
21907,449
21903,434
21892,375
21883,125
21881,240
21880,117
21869,300
21868,489
21867,308
21864,65
21857,336
21851,377
21847,175
21843,461
21842,345
21825,298
21823,104
21820,207
21814,289
21808,182
21793,371
21784,373
21783,460
21777,427
21770,395
21769,222
21761,515
21759,226
21758,50
21739,13
21730,321
21728,384
21725,430
21718,164
21713,519
21711,229
21709,489
21707,514
21704,441
21702,243
21694,223
21690,281
21684,163
21673,294
21668,102
21658,452
21655,457
21654,312
21652,257
21646,343
21644,206
21640,69
21630,222
21617,524
21615,299
21610,147
21602,346
21600,442
21598,248
21592,428
21572,34
21571,119
21547,155
21535,82
21534,313
21524,247
21522,47
21520,307
21514,397
21508,89
21503,505
21482,260
21481,380
21478,370
21472,353
21464,335
21458,477
21452,489
21447,449
21445,316
21440,348
21422,24
21420,118
21416,279
21409,88
21403,114
21398,156
21393,430
21390,274
21370,511
21368,180
21367,404
21361,179
21358,202
21350,472
21347,459
21344,115
21338,70
21335,352
21330,410
21325,188
21320,220
21319,292
21316,217
21305,440
21298,6
21293,431
21287,52
21285,146
21274,13
21265,374
21257,437
21255,513
21254,481
21253,99
21246,490
21241,451
21232,505
21221,244
21213,302
21212,16
21201,237
21184,453
21178,228
21177,266
21165,529
21162,243
21149,453
21124,470
21116,501
21113,280
21110,457
21103,370
21101,361
21098,227
21083,89
21079,118
21078,511
21075,370
21071,267
21069,204
21061,31
21049,341
21038,115
21034,308
21031,388
21024,338
21022,485
21017,46
21016,489
21011,498
20995,288
20979,426
20969,301
20968,359
20967,47
20966,114
20965,188
20952,472
20947,173
20943,91
20942,22
20940,495
20934,394
20919,225
20901,495
20898,63
20897,236
20887,309
20881,75
20880,228
20866,300
20862,28
20854,167
20850,223
20849,16
20847,229
20844,205
20836,527
20830,427
20815,74
20813,278
20812,491
20810,412
20807,333
20803,268
20790,520
20788,213
20786,176
20784,474
20782,142
20780,400
20777,264
20765,265
20764,416
20763,379
20750,232
20746,118
20743,54
20737,113
20732,225
20727,414
20718,354
20713,61
20711,414
20701,98
20699,51
20698,88
20694,89
20688,249
20677,211
20676,132
20674,245
20671,426
20668,505
20657,518
20656,106
20655,84
20653,187
20648,497
20646,528
20644,334
20643,281
20637,347
20629,170
20613,273
20611,146
20601,509
20587,524
20577,302
20575,333
20565,126
20563,251
20561,33
20560,414
20556,269
20551,124
20548,1
20538,34
20537,136
20535,468
20531,427
20524,188
20522,275
20519,88
20518,521
20512,265
20502,209
20501,375
20500,472
20499,498
20496,494
20494,527
20483,209
20482,484
20462,116
20461,54
20439,304
20438,390
20436,404
20435,350
20431,179
20428,137
20427,253
20424,118
20420,469
20419,248
20417,14
20413,461
20406,414
20394,203
20382,38
20364,485
20361,468
20358,130
20344,190
20342,217
20335,361
20333,213
20331,275
20328,515
20325,335
20324,2
20306,76
20305,157
20297,402
20289,320
20286,425
20284,367
20273,282
20260,421
20251,114
20250,111
20244,487
20239,522
20236,140
20233,166
20214,348
20207,334
20205,467
20202,464
20198,99
20195,216
20194,343
20187,146
20186,259
20182,428
20179,495
20172,100
20165,459
20161,49
20160,463
20152,10
20148,38
20145,366
20144,79
20141,516
20140,366
20136,12
20133,189
20121,275
20118,209
20109,108
20104,182
20103,384
20087,509
20072,337
20069,426
20064,482
20060,343
20057,447
20052,458
20051,155
20041,459
20006,361
19999,28
19993,321
19988,413
19985,501
19980,251
19978,159
19974,447
19972,508
19969,28
19966,319
19957,528
19954,44
19945,96
19942,163
19938,477
19930,21
19920,237
19917,16
19911,291
19909,336
19908,346
19907,280
19904,219
19901,187
19895,498
19894,217
19892,48
19885,295
19876,427
19874,201
19865,342
19860,192
19855,71
19853,511
19852,201
19843,525
19836,126
19835,39
19834,132
19832,115
19827,217
19821,7
19819,98
19806,522
19803,60
19798,278
19797,450
19796,147
19792,11
19787,296
19784,424
19771,443
19767,214
19764,435
19759,58
19752,235
19751,121
19727,430
19716,423
19705,45
19702,276
19701,494
19697,443
19696,121
19695,283
19687,233
19681,267
19675,164
19674,223
19660,57
19649,312
19637,490
19635,250
19633,425
19621,278
19616,446
19610,61
19607,457
19606,297
19605,323
19598,527
19590,76
19589,225
19585,317
19575,100
19572,396
19553,124
19552,28
19550,92
19549,115
19548,53
19547,403
19546,266
19544,98
19543,130
19542,468
19541,356
19540,418
19531,11
19525,310
19519,475
19512,426
19505,94
19503,28
19500,497
19493,308
19490,418
19475,280
19470,1
19469,115
19466,430
19455,309
19446,44
19441,489
19440,180
19437,126
19431,102
19430,126
19420,182
19412,103
19406,311
19400,507
19398,111
19389,37
19382,517
19381,471
19378,502
19358,443
19349,142
19342,266
19341,519
19340,444
19331,519
19328,404
19327,343
19323,21
19322,431
19316,474
19312,353
19301,40
19300,462
19287,425
19284,278
19273,278
19272,455
19270,46
19268,298
19257,153
19254,461
19248,325
19246,6
19244,297
19243,498
19240,337
19234,405
19233,280
19231,453
19229,24
19224,527
19219,273
19218,389
19217,427
19216,270
19215,270
19212,526
19205,528
19200,513
19198,118
19190,103
19187,527
19180,373
19175,469
19174,101
19168,1
19157,335
19152,188
19149,55
19145,449
19141,81
19135,369
19127,178
19113,517
19093,94
19091,302
19080,489
19079,118
19078,14
19073,493
19068,142
19040,457
19034,178
19027,310
19022,115
19019,433
18998,255
18997,93
18993,30
18992,427
18989,179
18984,214
18983,240
18977,266
18974,525
18973,424
18965,251
18953,499
18947,306
18940,516
18938,239
18927,53
18915,214
18914,211
18904,407
18902,336
18883,258
18882,255
18881,217
18878,140
18873,312
18868,53
18866,285
18862,129
18856,136
18852,233
18851,495
18850,529
18849,99
18848,496
18843,208
18823,194
18822,149
18805,503
18803,97
18795,442
18791,146
18778,510
18776,455
18773,281
18772,297
18763,9
18759,438
18757,117
18755,355
18750,133
18747,276
18739,513
18726,496
18724,5
18723,472
18717,495
18716,361
18715,468
18712,413
18711,470
18704,123
18700,348
18699,213
18695,258
18692,323
18686,294
18685,489
18682,217
18679,356
18672,461
18656,245
18653,522
18651,213
18650,469
18647,26
18645,252
18637,127
18636,258
18630,511
18629,520
18625,296
18623,514
18622,131
18620,522
18613,151
18605,369
18604,428
18603,478
18602,269
18600,84
18593,306
18592,359
18584,127
18582,464
18574,369
18563,518
18544,443
18538,179
18533,408
18531,157
18529,402
18524,343
18523,438
18518,266
18517,504
18510,13
18506,408
18505,443
18501,440
18499,35
18490,201
18485,188
18482,264
18473,464
18471,226
18451,144
18449,270
18445,269
18436,134
18434,371
18426,500
18417,322
18413,197
18405,391
18401,494
18400,458
18398,383
18394,498
18391,221
18387,509
18383,32
18380,226
18372,169
18371,246
18359,89
18357,419
18352,309
18347,94
18346,3
18345,465
18327,527
18319,166
18314,156
18310,140
18307,394
18304,22
18303,487
18302,411
18297,329
18290,271
18279,139
18277,379
18273,452
18264,412
18257,256
18255,148
18252,200
18246,303
18245,180
18243,164
18240,417
18236,284
18234,369
18232,450
18225,353
18223,428
18221,472
18220,474
18218,269
18204,261
18201,291
18196,371
18195,157
18194,39
18182,257
18181,128
18179,452
18177,230
18172,354
18165,375
18164,289
18161,76
18150,454
18146,408
18145,417
18142,385
18137,426
18136,255
18134,482
18132,223
18119,349
18116,129
18113,449
18105,454
18104,383
18100,508
18098,238
18077,303
18069,365
18067,244
18063,12
18052,44
18050,265
18047,188
18045,10
18043,440
18039,194
18029,116
18020,313
18013,297
18006,409
18001,467
17996,422
17992,505
17991,151
17990,264
17986,350
17985,151
17978,517
17977,357
17969,476
17967,287
17965,427
17957,446
17956,127
17951,471
17950,439
17946,130
17942,516
17938,186
17928,35
17922,115
17920,421
17915,2
17912,156
17909,351
17907,527
17892,336
17891,146
17890,121
17886,187
17884,94
17861,36
17857,446
17852,132
17849,302
17847,424
17843,277
17842,283
17841,371
17839,414
17837,53
17833,513
17826,461
17825,69
17818,387
17817,394
17814,370
17808,153
17792,455
17783,281
17782,386
17775,341
17774,282
17770,378
17765,204
17762,471
17761,492
17759,316
17745,389
17742,358
17737,240
17735,151
17733,370
17732,356
17725,246
17722,326
17721,266
17718,279
17717,120
17710,264
17707,494
17706,343
17705,353
17695,35
17691,516
17688,174
17685,371
17684,430
17683,391
17682,394
17677,143
17675,35
17674,52
17665,188
17654,395
17644,350
17642,154
17637,395
17636,393
17634,312
17633,54
17632,97
17618,343
17612,447
17609,396
17607,405
17606,340
17600,187
17592,284
17590,508
17588,438
17575,287
17573,307
17571,285
17569,460
17561,124
17560,68
17555,246
17554,255
17546,350
17544,313
17529,343
17525,342
17519,495
17511,224
17510,190
17508,117
17500,68
17495,295
17487,297
17485,47
17484,368
17478,472
17474,261
17470,151
17469,64
17467,288
17464,65
17456,338
17454,299
17434,426
17431,352
17430,232
17414,184
17404,212
17390,369
17378,192
17369,347
17356,372
17353,234
17351,236
17344,472
17343,214
17312,94
17309,176
17279,370
17278,130
17274,328
17272,430
17269,150
17263,418
17256,75
17255,361
17247,184
17241,378
17225,521
17212,173
17209,133
17207,515
17201,224
17200,386
17195,280
17194,519
17189,1
17184,12
17174,174
17163,319
17154,501
17152,17
17151,423
17149,432
17147,482
17146,244
17145,168
17135,472
17132,272
17129,518
17125,230
17122,270
17119,314
17116,376
17113,349
17109,304
17107,49
17099,176
17097,332
17088,447
17082,489
17078,203
17041,376
17039,457
17028,469
17027,227
17026,76
17025,527
17023,209
17019,250
17018,224
17017,177
17016,356
17013,376
17010,44
16996,142
16988,175
16984,354
16979,315
16977,291
16975,3
16973,449
16966,246
16962,344
16961,433
16957,28
16952,170
16951,311
16949,12
16945,15
16937,56
16935,428
16927,359
16922,246
16917,472
16910,495
16909,278
16908,7
16903,451
16892,149
16885,89
16884,228
16883,311
16880,466
16871,496
16867,193
16861,443
16847,285
16846,413
16844,188
16843,501
16841,229
16835,19
16823,75
16822,133
16821,242
16815,134
16812,504
16810,110
16808,444
16805,495
16804,492
16802,52
16799,499
16796,300
16795,209
16792,507
16787,188
16785,328
16784,261
16781,495
16774,371
16772,504
16765,112
16758,21
16757,280
16755,230
16745,336
16736,197
16725,455
16724,499
16723,517
16716,275
16711,286
16709,124
16706,208
16704,514
16703,435
16697,88
16696,440
16695,393
16694,428
16690,112
16688,251
16682,163
16679,344
16671,133
16670,515
16669,13
16667,452
16663,70
16657,432
16651,439
16645,64
16641,341
16629,369
16623,478
16616,157
16615,114
16614,426
16607,276
16603,340
16600,28
16594,255
16591,301
16588,484
16584,181
16571,326
16567,76
16564,308
16556,189
16555,521
16545,528
16541,91
16534,214
16531,443
16530,426
16527,157
16523,21
16521,369
16516,181
16513,73
16497,498
16496,109
16480,281
16475,38
16460,19
16455,88
16454,183
16449,315
16436,484
16435,202
16431,136
16429,405
16426,451
16415,354
16407,508
16406,198
16404,22
16400,336
16397,222
16393,424
16390,494
16385,47
16383,114
16376,78
16375,359
16371,243
16368,441
16364,108
16359,20
16355,251
16352,468
16351,265
16350,238
16345,402
16341,342
16340,494
16339,333
16336,468
16334,360
16333,108
16328,48
16321,239
16316,282
16309,497
16307,421
16289,507
16286,318
16283,259
16279,491
16277,277
16268,398
16263,294
16262,215
16256,465
16253,60
16251,422
16250,240
16239,121
16226,525
16216,165
16215,323
16205,528
16203,297
16201,182
16200,252
16193,284
16188,235
16172,176
16168,471
16163,175
16162,327
16161,456
16152,397
16150,407
16147,332
16146,431
16142,111
16133,125
16130,361
16128,65
16126,206
16117,407
16115,47
16097,258
16085,10
16083,345
16081,342
16078,207
16077,90
16069,158
16066,5
16064,304
16063,266
16058,142
16044,251
16042,417
16031,452
16025,95
16014,270
16006,95
16003,125
16002,31
15994,27
15988,95
15985,77
15982,39
15980,375
15964,299
15962,133
15961,494
15954,143
15942,66
15939,103
15935,25
15930,466
15927,139
15925,168
15920,3
15916,526
15912,261
15904,247
15903,372
15895,421
15894,434
15893,196
15892,207
15891,418
15869,53
15866,369
15865,51
15859,45
15856,211
15854,62
15851,339
15850,211
15849,52
15841,55
15836,277
15835,269
15827,6
15825,449
15822,181
15818,35
15817,275
15806,264
15800,1
15798,141
15795,70
15778,285
15771,491
15767,436
15754,149
15747,198
15740,502
15736,463
15726,520
15721,49
15720,11
15718,311
15717,429
15711,8
15705,471
15702,27
15696,342
15694,198
15674,146
15669,292
15662,98
15661,292
15660,36
15658,350
15645,279
15639,132
15636,370
15634,57
15633,140
15624,217
15619,65
15614,437
15612,200
15600,427
15582,188
15574,495
15572,199
15570,284
15564,113
15563,1
15549,258
15546,408
15545,8
15544,177
15528,451
15523,511
15521,73
15520,439
15519,111
15513,314
15510,160
15496,342
15494,243
15488,104
15480,361
15479,19
15478,23
15470,333
15466,21
15465,163
15460,409
15456,428
15444,469
15437,515
15435,262
15434,332
15431,346
15426,338
15424,108
15419,241
15418,208
15412,41
15409,158
15403,3
15402,82
15384,118
15375,455
15374,68
15371,311
15370,137
15363,222
15361,116
15359,426
15358,49
15355,499
15343,499
15342,130
15340,98
15339,516
15338,479
15337,15
15336,410
15335,126
15322,225
15293,22
15292,150
15291,504
15268,112
15267,114
15265,75
15245,489
15238,458
15207,248
15205,124
15204,10
15201,366
15200,2
15199,120
15190,205
15188,12
15177,151
15172,117
15168,62
15167,183
15164,95
15151,278
15147,424
15128,398
15125,436
15119,95
15115,134
15114,90
15112,347
15104,252
15101,507
15073,422
15067,465
15066,481
15063,269
15043,225
15041,371
15032,59
15025,183
15024,462
15023,101
15013,279
15006,253
15002,360
15000,513
14999,220
14997,499
14993,72
14986,193
14981,121
14979,126
14974,365
14963,9
14962,39
14957,496
14955,247
14945,118
14944,525
14941,511
14934,188
14928,485
14926,83
14912,115
14909,432
14908,407
14906,242
14905,152
14901,224
14900,481
14898,90
14894,491
14887,93
14879,442
14868,346
14862,118
14859,125
14852,512
14848,6
14846,373
14832,189
14820,226
14807,224
14802,96
14794,139
14793,481
14789,136
14785,424
14783,421
14777,214
14772,46
14755,270
14754,107
14751,494
14750,6
14749,114
14746,68
14736,327
14735,524
14726,368
14722,346
14719,135
14712,49
14711,370
14706,521
14693,341
14690,489
14687,225
14677,479
14675,493
14674,452
14669,438
14668,409
14652,109
14647,96
14635,498
14629,335
14627,361
14625,110
14607,58
14593,95
14589,495
14584,37
14577,103
14569,160
14566,292
14561,421
14560,225
14544,150
14541,214
14538,251
14521,2
14520,395
14518,156
14500,211
14498,223
14495,275
14493,144
14490,45
14486,177
14477,439
14476,171
14469,213
14467,99
14465,184
14462,454
14457,340
14452,181
14446,335
14442,226
14439,36
14435,427
14421,162
14413,520
14404,497
14403,31
14397,426
14394,315
14390,5
14382,86
14379,14
14377,460
14371,455
14370,20
14365,13
14364,140
14359,86
14351,61
14350,158
14339,407
14333,495
14320,417
14319,367
14318,206
14317,426
14313,438
14310,240
14308,10
14295,1
14291,469
14289,447
14271,357
14270,491
14266,417
14260,140
14259,334
14252,271
14251,101
14240,410
14233,73
14232,349
14220,280
14217,485
14211,521
14198,339
14197,49
14196,12
14193,4
14188,253
14185,361
14182,361
14168,426
14158,122
14155,514
14153,456
14151,504
14145,195
14143,513
14142,211
14140,95
14135,90
14130,423
14126,38
14121,49
14114,47
14110,509
14108,251
14097,43
14096,47
14082,426
14076,282
14072,1
14069,201
14065,121
14063,101
14060,527
14058,3
14057,10
14056,10
14047,340
14033,128
14031,60
14016,37
14007,423
14004,5
13994,489
13988,110
13987,36
13981,111
13975,366
13959,196
13948,110
13939,303
13936,509
13929,17
13928,188
13927,338
13926,111
13921,227
13919,87
13914,339
13909,420
13905,420
13901,359
13898,516
13890,197
13885,369
13883,201
13881,261
13878,300
13877,374
13870,330
13868,49
13861,383
13854,121
13851,402
13850,433
13849,507
13847,301
13846,158
13845,359
13840,335
13837,108
13834,256
13831,57
13828,313
13824,387
13820,172
13817,149
13815,56
13812,350
13806,443
13798,110
13796,307
13779,98
13753,187
13747,53
13746,307
13738,369
13735,454
13732,229
13730,157
13727,366
13724,213
13714,94
13707,155
13706,142
13704,120
13701,77
13700,345
13697,142
13696,403
13695,456
13688,274
13681,376
13680,50
13668,3
13663,381
13661,318
13659,211
13654,114
13652,498
13651,119
13648,194
13647,146
13646,441
13634,443
13630,304
13619,285
13614,101
13609,315
13606,7
13601,122
13594,29
13588,495
13581,3
13577,455
13570,1
13562,303
13561,158
13560,72
13559,76
13558,296
13557,424
13551,527
13547,336
13545,38
13544,378
13543,197
13538,151
13524,98
13518,139
13510,98
13504,282
13498,102
13496,513
13494,333
13492,512
13481,28
13476,505
13461,281
13457,413
13454,139
13453,472
13450,460
13448,167
13446,527
13445,226
13444,162
13443,413
13439,528
13435,144
13430,405
13429,513
13428,177
13424,312
13422,29
13421,402
13420,495
13417,510
13413,276
13409,257
13406,70
13401,429
13398,11
13395,230
13393,140
13390,55
13387,200
13384,66
13380,396
13366,456
13360,105
13350,447
13343,518
13340,141
13335,444
13332,174
13329,293
13327,377
13325,230
13323,391
13318,282
13317,141
13315,450
13313,263
13310,295
13307,369
13305,280
13304,509
13301,485
13298,353
13292,124
13282,415
13275,396
13270,270
13265,163
13262,483
13250,315
13249,274
13247,140
13246,65
13244,457
13240,312
13239,466
13238,115
13233,523
13232,475
13225,146
13218,159
13206,277
13204,28
13193,345
13192,305
13188,378
13183,367
13181,451
13179,451
13177,515
13176,152
13175,251
13171,423
13169,152
13168,381
13163,152
13161,370
13157,501
13149,422
13138,59
13137,383
13136,501
13135,503
13130,281
13129,299
13127,480
13122,371
13120,513
13117,339
13113,349
13112,213
13111,337
13109,511
13103,382
13099,404
13090,371
13083,172
13079,264
13074,301
13073,272
13068,119
13067,170
13066,403
13065,305
13061,491
13057,324
13056,272
13039,406
13037,289
13023,527
13022,508
13021,345
13020,116
13013,76
13009,423
13008,336
13007,8
13005,148
13002,458
12999,117
12991,168
12986,429
12985,447
12984,343
12981,122
12977,394
12976,306
12974,377
12972,435
12964,51
12963,412
12962,371
12959,497
12949,394
12948,164
12944,3
12943,427
12942,427
12941,10
12932,307
12920,220
12909,138
12908,208
12906,374
12904,426
12900,159
12896,299
12895,468
12893,117
12891,361
12875,341
12874,203
12868,529
12860,152
12859,245
12857,279
12856,251
12853,177
12846,85
12844,528
12839,254
12835,412
12830,102
12829,239
12821,111
12820,146
12811,148
12810,344
12806,270
12804,479
12803,297
12796,99
12793,213
12787,509
12783,247
12781,195
12774,276
12770,94
12762,402
12760,526
12743,344
12742,414
12739,497
12733,231
12731,280
12729,193
12721,116
12716,240
12715,214
12708,55
12706,28
12705,254
12698,205
12695,376
12690,529
12687,222
12686,359
12682,322
12680,268
12679,234
12670,495
12666,289
12665,128
12664,195
12659,524
12635,133
12633,201
12631,77
12624,420
12622,23
12613,154
12601,422
12600,103
12590,507
12589,27
12583,248
12581,267
12579,399
12571,284
12568,470
12566,479
12562,251
12549,195
12547,494
12546,100
12545,461
12541,461
12533,397
12531,286
12525,491
12523,524
12516,197
12515,240
12504,57
12502,379
12496,523
12493,54
12484,170
12482,152
12475,416
12461,342
12458,110
12452,280
12434,291
12433,14
12428,121
12412,194
12409,405
12406,458
12398,202
12397,36
12390,282
12388,138
12382,251
12378,413
12374,67
12369,462
12368,194
12367,257
12363,518
12352,238
12346,452
12345,209
12335,346
12331,525
12308,482
12305,317
12304,109
12303,319
12302,511
12299,47
12297,170
12273,394
12272,475
12271,262
12270,13
12266,353
12263,225
12255,283
12254,466
12253,94
12252,306
12243,367
12241,521
12240,119
12236,170
12232,92
12231,266
12226,441
12224,97
12216,13
12207,228
12204,521
12196,173
12192,299
12189,369
12187,327
12183,353
12181,427
12176,145
12174,279
12163,428
12159,473
12158,483
12153,94
12147,97
12146,219
12145,520
12138,301
12136,126
12129,326
12122,497
12121,485
12120,18
12114,316
12108,206
12101,228
12094,280
12093,76
12088,473
12085,155
12076,185
12075,163
12063,233
12050,93
12046,282
12036,191
12031,467
12027,423
12022,347
12014,365
12009,239
12006,403
11999,477
11981,153
11979,262
11978,448
11977,119
11966,114
11964,178
11962,427
11958,393
11950,273
11949,290
11946,268
11944,100
11941,459
11940,185
11936,22
11928,44
11927,320
11926,117
11918,221
11915,371
11912,279
11911,433
11907,124
11906,19
11899,359
11898,404
11897,133
11884,143
11882,496
11878,395
11873,431
11857,207
11853,30
11849,452
11842,337
11840,495
11838,371
11835,491
11832,97
11827,118
11826,431
11818,510
11817,491
11815,370
11813,302
11810,488
11806,495
11798,527
11780,423
11779,143
11771,359
11763,336
11762,115
11758,275
11756,189
11746,54
11745,435
11737,305
11728,445
11721,449
11720,359
11719,468
11715,105
11712,116
11711,7
11708,323
11697,76
11695,428
11694,527
11692,283
11688,357
11671,42
11669,342
11665,394
11664,104
11653,515
11650,73
11646,240
11645,181
11638,482
11636,269
11626,369
11625,243
11620,528
11616,498
11611,294
11610,387
11607,444
11603,327
11600,469
11597,252
11596,292
11593,320
11582,387
11570,76
11564,527
11560,504
11557,468
11554,497
11547,223
11539,97
11538,435
11521,218
11517,370
11511,487
11510,527
11509,461
11507,301
11505,92
11503,85
11502,212
11500,493
11490,94
11483,223
11482,131
11473,496
11469,10
11461,452
11454,83
11449,252
11440,185
11435,166
11434,81
11429,501
11419,90
11413,492
11411,516
11402,333
11401,460
11398,409
11393,293
11391,494
11380,437
11376,519
11375,46
11358,140
11356,361
11349,403
11340,424
11332,407
11318,286
11312,216
11307,184
11305,205
11289,214
11288,521
11287,133
11284,370
11283,410
11280,125
11264,49
11260,47
11259,41
11257,280
11251,150
11250,334
11249,97
11247,449
11246,3
11241,109
11237,188
11223,381
11213,517
11207,452
11196,511
11192,263
11190,298
11180,149
11174,402
11170,69
11153,129
11152,146
11151,450
11145,276
11144,424
11141,74
11140,304
11135,13
11134,267
11133,458
11130,469
11126,117
11114,400
11113,417
11108,8
11101,516
11098,79
11090,6
11088,158
11087,492
11084,507
11082,424
11073,266
11067,334
11062,150
11060,157
11058,282
11053,304
11048,302
11044,507
11037,49
11030,276
11028,513
11027,348
11025,518
11017,307
11016,38
11015,34
11007,177
11003,150
10992,245
10977,245
10973,517
10969,85
10965,140
10954,59
10952,345
10947,100
10946,291
10940,394
10935,117
10928,54
10924,172
10923,424
10913,519
10911,61
10908,120
10892,243
10891,304
10885,77
10881,467
10879,384
10877,103
10866,79
10863,508
10861,15
10859,397
10854,63
10853,237
10852,487
10843,495
10840,53
10839,140
10833,301
10827,415
10822,131
10820,365
10818,217
10808,472
10805,60
10800,173
10797,457
10789,221
10786,215
10783,411
10779,415
10777,131
10771,444
10769,206
10766,434
10762,366
10759,516
10757,128
10749,225
10748,224
10738,159
10736,518
10733,475
10728,113
10724,340
10717,268
10716,211
10713,343
10711,356
10704,212
10702,129
10697,91
10684,447
10682,103
10668,460
10662,398
10653,155
10647,19
10645,138
10644,177
10642,521
10640,214
10638,250
10634,478
10628,292
10626,194
10622,249
10620,293
10615,268
10608,167
10604,400
10603,186
10599,147
10589,186
10588,198
10587,201
10584,399
10582,213
10569,381
10568,205
10565,290
10564,156
10563,152
10560,113
10546,481
10536,10
10533,49
10530,181
10528,197
10524,130
10520,80
10518,460
10489,97
10486,175
10484,495
10479,97
10472,511
10465,459
10462,358
10458,348
10455,217
10446,125
10443,498
10437,353
10436,461
10432,373
10426,427
10414,188
10412,137
10403,251
10398,279
10394,377
10383,378
10382,236
10381,388
10376,244
10373,527
10367,424
10361,35
10359,189
10355,435
10348,222
10345,182
10342,486
10337,185
10334,328
10325,163
10322,239
10313,394
10310,41
10294,103
10288,264
10285,14
10281,182
10280,470
10279,399
10276,474
10265,128
10262,423
10256,504
10254,275
10253,233
10246,391
10236,198
10221,149
10215,361
10212,69
10211,495
10204,424
10203,84
10194,488
10186,214
10185,332
10163,49
10148,237
10139,188
10136,259
10120,445
10114,128
10105,21
10090,370
10082,378
10080,468
10067,23
10064,97
10058,286
10056,295
10055,300
10050,129
10048,98
10047,26
10042,385
10036,356
10022,401
10019,216
10002,393
9988,494
9987,529
9986,56
9982,209
9971,61
9969,271
9960,310
9958,101
9955,369
9932,117
9930,489
9928,13
9911,175
9901,226
9889,62
9887,369
9880,320
9867,21
9864,46
9859,276
9856,478
9845,436
9844,422
9839,194
9833,426
9830,198
9827,102
9825,337
9822,469
9821,518
9815,122
9813,262
9803,158
9799,209
9794,261
9779,473
9777,80
9776,361
9774,101
9771,137
9768,3
9763,425
9747,450
9746,225
9724,347
9722,510
9715,188
9714,13
9703,149
9692,210
9686,188
9684,446
9682,257
9678,188
9670,84
9664,226
9657,336
9654,445
9649,119
9646,478
9640,181
9631,371
9629,1
9627,439
9625,337
9623,468
9614,2
9607,70
9604,23
9602,425
9601,403
9586,351
9577,243
9575,317
9573,450
9569,155
9560,72
9558,283
9553,45
9551,442
9548,119
9541,124
9536,459
9535,52
9527,291
9521,336
9519,430
9518,373
9517,379
9514,414
9512,450
9511,61
9509,232
9508,507
9505,451
9500,216
9493,363
9481,135
9480,3
9476,1
9470,237
9467,337
9466,514
9464,181
9459,242
9456,495
9454,391
9452,343
9451,75
9445,316
9439,432
9435,139
9429,297
9424,388
9408,148
9405,105
9401,507
9394,54
9386,102
9384,259
9382,383
9370,426
9369,361
9353,126
9352,103
9346,270
9338,345
9328,498
9319,296
9315,481
9310,334
9307,135
9306,430
9301,269
9297,359
9296,251
9292,177
9291,14
9290,131
9288,178
9287,421
9286,211
9284,82
9282,266
9280,170
9279,339
9278,347
9277,199
9275,379
9270,498
9269,151
9261,183
9259,481
9257,495
9256,264
9251,284
9242,431
9236,342
9235,145
9234,239
9221,406
9218,34
9212,44
9204,353
9201,495
9196,324
9190,295
9185,324
9184,420
9182,327
9180,324
9176,198
9171,5
9169,216
9167,509
9164,66
9157,112
9154,60
9153,114
9150,236
9148,336
9143,438
9141,44
9133,304
9117,335
9108,336
9104,183
9093,506
9087,143
9084,129
9083,142
9082,275
9080,63
9077,293
9063,116
9056,421
9055,465
9051,20
9048,41
9031,394
9026,251
9018,313
9016,260
9011,15
9003,234
8994,384
8992,105
8987,197
8981,51
8980,61
8974,325
8967,415
8959,354
8952,211
8949,266
8939,64
8925,300
8922,184
8920,2
8907,27
8901,436
8898,211
8897,435
8886,348
8867,260
8866,208
8863,461
8862,447
8860,128
8858,505
8855,415
8849,218
8841,215
8840,518
8831,95
8830,157
8818,307
8817,54
8814,442
8789,27
8788,46
8774,93
8772,474
8767,187
8763,391
8760,70
8753,493
8752,182
8746,369
8744,463
8733,370
8731,302
8726,428
8724,58
8717,145
8715,283
8698,370
8691,268
8679,458
8673,3
8672,213
8671,158
8667,36
8655,94
8639,334
8636,466
8635,59
8630,212
8629,290
8626,23
8610,314
8608,297
8592,514
8589,332
8583,224
8577,454
8571,245
8563,427
8542,2
8530,350
8523,1
8522,452
8512,484
8509,328
8506,498
8504,343
8503,177
8492,189
8486,45
8484,467
8480,16
8479,119
8476,6
8475,382
8474,6
8467,343
8465,481
8462,94
8461,427
8460,86
8455,472
8454,527
8449,148
8443,240
8441,329
8440,323
8438,417
8433,209
8427,495
8426,150
8417,101
8412,101
8411,288
8408,33
8404,372
8401,245
8399,408
8396,82
8394,112
8393,391
8392,221
8387,495
8379,195
8376,476
8372,428
8371,282
8370,300
8369,503
8362,101
8352,330
8351,3
8350,60
8340,495
8330,86
8328,97
8325,61
8322,369
8320,320
8319,485
8317,292
8314,475
8307,233
8306,488
8298,438
8292,354
8290,211
8288,448
8287,209
8268,324
8260,491
8257,526
8250,63
8244,70
8237,421
8235,218
8232,424
8228,21
8227,275
8217,430
8202,496
8201,481
8199,424
8188,202
8181,350
8180,320
8173,6
8164,74
8160,304
8156,327
8150,399
8141,513
8137,192
8134,46
8124,393
8123,277
8117,218
8115,294
8112,75
8111,153
8099,130
8095,226
8092,109
8088,310
8080,22
8077,293
8070,421
8068,226
8066,443
8063,7
8061,82
8055,154
8054,49
8047,424
8045,525
8034,1
8029,513
8025,432
8022,104
8013,470
8001,44
8000,225
7998,237
7995,495
7992,259
7991,183
7986,48
7984,431
7980,23
7977,274
7976,399
7971,207
7970,101
7969,293
7961,198
7958,211
7942,396
7926,343
7925,486
7915,191
7912,202
7907,34
7905,330
7904,103
7896,82
7893,133
7889,77
7888,359
7887,24
7883,224
7879,421
7878,147
7877,23
7876,224
7873,40
7871,56
7868,136
7858,183
7855,332
7854,364
7852,338
7851,324
7847,242
7845,77
7837,79
7836,61
7832,461
7828,111
7826,341
7822,430
7815,15
7783,201
7777,441
7746,91
7742,503
7738,339
7735,89
7706,488
7700,522
7694,348
7693,204
7690,24
7683,89
7678,36
7665,140
7660,134
7659,17
7651,46
7645,62
7640,115
7633,1
7628,353
7626,421
7618,354
7607,341
7604,267
7600,62
7594,282
7589,333
7581,82
7573,424
7559,189
7556,14
7553,216
7551,497
7548,416
7542,489
7538,130
7529,508
7519,509
7511,32
7507,421
7504,311
7479,173
7477,254
7465,249
7463,444
7460,7
7455,223
7446,301
7445,91
7429,98
7426,103
7423,310
7420,501
7418,20
7417,449
7415,144
7413,13
7412,51
7408,413
7407,226
7405,297
7401,405
7399,190
7386,21
7385,497
7382,425
7381,372
7380,414
7375,139
7372,488
7365,231
7362,402
7354,168
7349,227
7344,376
7338,65
7335,336
7334,522
7323,140
7317,103
7310,36
7302,237
7301,454
7298,13
7295,207
7290,108
7286,487
7283,306
7280,55
7268,144
7263,334
7262,160
7260,32
7255,454
7243,382
7242,401
7234,254
7230,302
7224,283
7223,441
7221,513
7219,187
7218,205
7217,147
7206,169
7203,98
7198,211
7187,189
7185,488
7184,447
7182,509
7179,339
7178,165
7177,325
7175,441
7166,371
7165,40
7164,154
7162,413
7160,225
7143,441
7140,265
7134,278
7133,510
7124,425
7121,291
7116,447
7113,262
7108,518
7106,426
7088,162
7080,237
7076,158
7071,145
7069,432
7065,45
7061,188
7058,163
7057,50
7056,122
7053,509
7051,211
7046,250
7044,251
7035,321
7034,251
7031,330
7015,166
7013,295
7010,21
6993,97
6983,56
6981,303
6980,454
6975,224
6968,425
6966,129
6962,428
6961,117
6957,403
6954,493
6952,111
6950,240
6948,277
6933,258
6932,342
6928,211
6923,361
6921,303
6904,322
6902,350
6899,116
6891,89
6888,265
6882,489
6879,244
6864,329
6840,126
6836,328
6835,261
6816,23
6813,36
6806,282
6805,423
6797,114
6782,446
6781,518
6779,187
6774,94
6768,320
6767,211
6766,362
6765,513
6763,509
6759,115
6758,43
6757,239
6751,294
6750,294
6746,163
6744,392
6736,7
6732,225
6725,99
6714,191
6709,64
6707,72
6704,428
6698,37
6688,22
6674,144
6669,344
6664,268
6653,54
6648,324
6647,344
6643,277
6638,111
6633,182
6630,416
6628,10
6627,10
6625,500
6621,135
6611,256
6606,96
6604,216
6598,349
6589,58
6587,80
6582,134
6578,440
6571,430
6566,443
6563,76
6555,77
6552,76
6546,91
6533,80
6527,183
6523,264
6521,274
6520,424
6518,96
6517,248
6514,426
6509,184
6507,353
6491,456
6479,518
6468,422
6467,285
6463,114
6460,495
6454,220
6450,464
6449,446
6431,344
6424,427
6422,401
6421,114
6414,127
6412,525
6408,7
6407,166
6403,362
6399,471
6397,359
6390,397
6380,124
6378,497
6373,23
6368,182
6367,197
6361,495
6350,349
6345,436
6332,452
6322,2
6320,26
6318,74
6317,12
6316,251
6313,273
6310,169
6305,249
6299,187
6296,443
6293,188
6291,331
6286,273
6282,513
6278,259
6276,71
6273,302
6263,426
6262,307
6255,302
6250,425
6247,515
6243,383
6242,514
6237,280
6234,105
6232,62
6228,274
6221,284
6220,115
6214,390
6201,263
6200,307
6198,74
6195,402
6192,369
6187,102
6183,162
6180,485
6177,39
6176,29
6175,88
6162,205
6160,312
6159,72
6158,205
6145,243
6137,371
6125,234
6124,236
6119,383
6117,513
6113,53
6109,510
6104,105
6102,252
6100,432
6087,269
6086,456
6076,366
6067,12
6062,418
6059,9
6057,529
6056,115
6055,365
6051,130
6046,102
6044,218
6038,488
6036,114
6031,68
6026,110
6022,59
6019,362
6018,529
6015,202
6010,4
6007,239
6000,212
5998,178
5993,184
5983,529
5981,516
5945,38
5940,460
5937,229
5932,263
5923,19
5917,351
5914,472
5911,438
5898,489
5895,303
5888,339
5882,307
5873,457
5869,337
5866,293
5864,191
5857,177
5855,161
5854,244
5853,257
5850,435
5849,3
5836,267
5827,471
5821,113
5814,279
5810,253
5808,147
5800,462
5799,289
5797,292
5790,253
5785,443
5784,119
5779,114
5774,339
5767,12
5766,220
5761,152
5756,507
5744,349
5718,454
5691,19
5689,256
5687,225
5685,23
5680,409
5678,505
5677,465
5675,2
5673,164
5665,157
5662,282
5658,332
5649,141
5636,335
5628,130
5622,221
5610,474
5609,118
5607,84
5596,226
5593,197
5589,233
5587,37
5569,10
5567,83
5562,266
5559,344
5557,321
5552,121
5551,49
5550,117
5548,514
5540,408
5538,290
5534,237
5532,318
5525,109
5521,133
5520,360
5519,468
5515,247
5511,65
5510,468
5509,46
5507,422
5502,239
5500,170
5499,159
5495,55
5493,332
5483,292
5479,460
5473,359
5469,236
5467,101
5456,310
5451,27
5447,61
5431,199
5430,359
5428,90
5427,281
5426,106
5414,59
5413,343
5412,101
5408,92
5404,10
5403,504
5402,509
5400,5
5390,338
5385,339
5373,76
5367,67
5361,326
5358,271
5356,74
5352,59
5350,5
5349,13
5333,21
5331,26
5329,241
5323,330
5320,198
5318,21
5317,115
5309,2
5308,379
5305,20
5300,457
5299,145
5292,218
5283,211
5271,174
5262,527
5261,395
5256,453
5248,26
5246,26
5237,284
5224,412
5223,107
5218,184
5217,72
5215,519
5214,447
5199,421
5197,370
5195,386
5194,35
5193,213
5189,176
5185,338
5184,456
5182,464
5178,128
5174,482
5169,147
5157,361
5155,57
5153,284
5149,275
5146,19
5142,304
5141,80
5129,105
5128,239
5123,98
5113,233
5107,237
5074,20
5072,117
5066,54
5064,119
5063,222
5062,145
5055,12
5049,394
5038,106
5029,94
5027,247
5026,111
5025,210
5023,425
5021,215
5013,7
5012,1
4999,166
4997,136
4985,215
4949,469
4948,163
4935,398
4914,101
4908,423
4897,438
4894,126
4891,5
4884,120
4883,113
4878,92
4870,251
4863,159
4855,98
4849,236
4844,423
4841,276
4832,128
4824,321
4818,126
4817,343
4813,55
4803,39
4800,43
4791,114
4787,185
4785,428
4784,490
4777,313
4775,526
4772,296
4765,47
4764,447
4763,151
4761,273
4758,19
4754,102
4753,422
4750,61
4749,74
4748,119
4745,90
4738,79
4733,77
4718,99
4717,195
4713,527
4711,222
4699,163
4691,56
4688,92
4675,489
4653,456
4650,343
4647,96
4645,97
4638,495
4636,470
4629,7
4626,291
4607,222
4605,19
4604,282
4597,394
4595,10
4583,98
4576,65
4571,42
4557,71
4547,214
4541,498
4535,472
4529,114
4526,112
4508,516
4506,19
4505,409
4499,116
4498,523
4490,3
4476,9
4471,60
4463,421
4456,6
4451,422
4450,215
4434,194
4418,304
4402,76
4396,72
4390,58
4382,116
4381,151
4377,425
4373,98
4365,55
4361,27
4333,56
4327,46
4326,67
4325,21
4320,174
4319,1
4317,339
4313,425
4310,217
4307,98
4300,218
4291,356
4280,33
4278,456
4277,4
4273,6
4264,430
4253,284
4249,54
4248,520
4240,1
4233,422
4221,51
4219,22
4217,482
4216,495
4210,517
4205,338
4204,188
4199,475
4198,66
4196,2
4188,63
4177,46
4165,450
4160,16
4157,65
4155,57
4148,338
4140,54
4137,45
4134,297
4116,58
4106,217
4092,45
4088,252
4085,229
4084,6
4079,281
4072,106
4067,143
4058,365
4054,431
4051,70
4047,525
4043,178
4028,4
4019,313
4013,246
4000,241
3999,218
3992,119
3990,58
3978,223
3969,516
3964,130
3951,2
3949,61
3942,454
3939,209
3923,71
3915,3
3909,104
3898,65
3891,428
3890,473
3870,13
3861,492
3855,303
3854,8
3842,123
3829,310
3825,507
3817,86
3814,54
3810,200
3789,423
3787,482
3776,39
3772,35
3771,136
3768,449
3767,25
3766,517
3760,460
3749,113
3740,179
3738,19
3731,69
3716,391
3715,158
3708,231
3687,114
3671,509
3670,9
3661,189
3660,164
3659,427
3654,70
3651,149
3645,101
3633,465
3624,23
3623,18
3618,340
3612,261
3607,199
3606,285
3605,110
3600,245
3595,199
3592,306
3588,112
3586,115
3585,121
3577,371
3559,98
3558,214
3545,359
3533,334
3531,421
3528,75
3511,225
3506,103
3503,342
3501,80
3493,100
3492,251
3487,72
3474,481
3471,507
3469,176
3465,77
3457,510
3446,495
3440,280
3439,447
3438,464
3435,140
3434,359
3424,6
3423,250
3420,519
3417,199
3416,289
3415,40
3412,101
3411,423
3406,28
3404,191
3394,29
3391,421
3387,317
3386,113
3381,99
3377,2
3375,210
3366,422
3343,209
3341,187
3334,339
3333,100
3327,215
3318,80
3283,20
3276,3
3267,206
3265,495
3260,244
3259,453
3257,92
3256,4
3252,397
3236,392
3235,20
3234,47
3226,166
3222,523
3220,421
3216,195
3211,390
3210,491
3209,49
3208,353
3205,23
3188,58
3181,207
3180,98
3174,205
3168,423
3163,98
3162,6
3157,218
3152,85
3135,428
3134,358
3130,334
3118,201
3114,474
3112,126
3110,55
3106,133
3093,218
3083,330
3080,470
3077,198
3066,73
3063,278
3061,26
3050,525
3042,252
3030,455
3027,198
3019,76
3011,136
3008,140
3002,267
2996,508
2972,469
2971,86
2970,243
2965,111
2963,293
2962,78
2958,99
2950,339
2946,183
2945,90
2943,299
2921,100
2916,10
2911,67
2906,428
2897,92
2894,114
2891,93
2884,436
2883,1
2857,29
2856,439
2855,292
2850,425
2837,427
2827,431
2826,63
2824,322
2820,194
2818,142
2811,40
2810,44
2806,421
2802,98
2799,82
2796,185
2794,9
2783,367
2778,129
2770,97
2750,5
2738,70
2725,65
2705,213
2704,421
2681,65
2678,83
2676,85
2668,48
2666,2
2665,328
2654,364
2651,277
2625,173
2623,5
2588,242
2584,209
2569,524
2557,76
2554,426
2552,222
2545,82
2539,70
2537,52
2533,110
2512,209
2510,367
2497,98
2495,229
2494,457
2488,8
2487,460
2483,453
2474,239
2468,8
2466,424
2457,98
2456,43
2447,355
2446,198
2437,1
2436,59
2435,4
2431,143
2428,205
2419,220
2413,105
2390,9
2386,88
2374,13
2373,215
2364,80
2332,3
2328,21
2327,293
2322,267
2310,40
2307,267
2287,172
2283,59
2277,282
2250,46
2245,64
2239,262
2230,461
2224,211
2223,275
2222,510
2216,208
2214,94
2212,208
2210,336
2168,309
2161,77
2152,282
2146,118
2140,225
2134,160
2125,76
2121,116
2115,104
2111,430
2109,1
2105,201
2103,95
2097,76
2096,194
2088,258
2077,10
2073,9
2072,10
2070,9
2069,19
2068,130
2056,213
2050,284
2048,424
2041,12
2027,1
2025,5
2024,281
2023,219
2014,147
2012,359
2010,99
2000,418
1991,494
1979,326
1965,211
1964,21
1957,170
1955,63
1947,486
1946,333
1941,397
1936,522
1930,489
1927,114
1922,469
1907,282
1904,119
1879,426
1876,287
1864,160
1848,39
1839,176
1838,35
1834,122
1830,421
1818,476
1794,427
1789,55
1787,90
1786,176
1783,55
1775,65
1764,20
1760,495
1755,72
1753,198
1748,119
1747,159
1735,19
1714,98
1713,497
1707,423
1706,90
1703,241
1685,99
1681,495
1662,379
1659,489
1654,12
1649,55
1627,452
1620,82
1593,480
1591,169
1588,469
1586,266
1576,464
1573,60
1566,332
1565,118
1556,472
1546,18
1544,110
1542,101
1532,282
1529,111
1528,278
1526,453
1515,19
1514,106
1513,78
1474,66
1469,257
1467,176
1456,15
1442,70
1429,15
1424,474
1420,439
1411,130
1403,335
1402,136
1397,218
1379,183
1353,8
1344,191
1343,493
1340,9
1326,78
1323,475
1319,439
1304,15
1303,97
1299,20
1277,14
1261,114
1257,430
1256,311
1255,58
1251,23
1235,45
1225,251
1213,513
1205,140
1202,47
1201,263
1198,508
1195,68
1191,366
1185,276
1183,11
1180,442
1176,78
1175,1
1173,90
1166,144
1155,456
1150,112
1144,365
1138,34
1129,114
1125,99
1123,360
1121,121
1119,18
1118,21
1115,469
1113,222
1112,72
1107,115
1099,346
1085,209
1079,50
1072,167
1069,218
1056,516
1041,213
1035,117
1031,423
1030,39
1028,74
1021,448
1018,13
1004,456
1003,26
994,515
987,22
986,10
981,22
979,184
969,223
968,70
963,455
956,250
955,97
943,99
940,49
938,208
933,95
931,25
926,175
913,323
907,440
905,94
899,296
876,316
869,476
860,30
859,30
856,49
852,475
847,522
842,76
838,53
830,78
810,488
803,421
802,237
795,214
791,99
789,79
784,421
778,66
772,47
770,340
762,182
754,143
752,46
749,8
745,21
744,114
738,434
728,515
720,246
711,19
691,128
688,100
671,505
655,103
652,95
650,211
642,223
632,23
628,424
627,38
605,488
586,198
572,56
555,470
554,47
551,510
546,20
543,72
537,188
531,421
525,48
520,518
510,60
491,2
474,79
463,472
457,364
443,115
437,469
434,1
425,191
417,119
398,91
394,115
385,10
375,513
372,95
368,275
366,116
355,157
353,259
350,247
344,230
339,121
337,7
328,131
316,479
313,484
306,114
302,423
293,114
290,91
288,165
279,21
277,264
274,226
271,99
252,92
251,222
245,482
238,17
232,177
221,156
207,346
202,468
193,328
189,55
180,76
173,465
161,21
114,28
112,131
110,70
109,153
106,470
105,90
100,399
95,423
93,56
89,20
81,222
72,94
66,353
64,332
49,222
45,121
28,82
20,408
13,256
5,39
3,227
2,289
1,318
