Number,cluster,room
29297,211,Room 8
29260,195,Room 4
29227,227,Room 1
29206,432,Room 1
29190,343,Room 7
29188,320,Room 10
29184,322,Room 1
29178,511,Room 10
29164,341,Room 3
29157,382,Room 6
29127,423,Room 8
29119,87,Room 2
29103,455,Room 9
29077,525,Room 10
29040,311,Room 5
29032,388,Room 2
29019,137,Room 2
29012,431,Room 12
29010,15,Room 4
28978,275,Room 9
28972,318,Room 1
28967,285,Room 4
28959,10,Room 8
28951,115,Room 9
28946,270,Room 10
28928,168,Room 1
28905,276,Room 9
28899,489,Room 8
28895,181,Room 12
28893,405,Room 6
28891,409,Room 1
28885,480,Room 1
28882,351,Room 1
28857,332,Room 10
28854,322,Room 1
28853,430,Room 6
28844,358,Room 2
28840,256,Room 3
28834,513,Room 10
28826,193,Room 2
28819,257,Room 5
28793,47,Room 8
28786,429,Room 1
28779,246,Room 5
28764,361,Room 11
28761,449,Room 9
28756,460,Room 9
28751,210,Room 2
28718,336,Room 8
28714,322,Room 1
28710,330,Room 3
28707,94,Room 7
28683,350,Room 11
28666,83,Room 6
28660,264,Room 4
28647,203,Room 2
28632,461,Room 7
28624,516,Room 7
28604,353,Room 8
28592,235,Room 1
28586,357,Room 2
28577,226,Room 11
28568,464,Room 3
28560,235,Room 1
28554,144,Room 4
28540,434,Room 5
28539,130,Room 9
28508,402,Room 12
28493,444,Room 5
28488,488,Room 5
28478,513,Room 10
28463,352,Room 1
28454,159,Room 2
28444,250,Room 3
28441,513,Room 10
28422,221,Room 3
28415,371,Room 11
28407,265,Room 3
28389,473,Room 1
28386,454,Room 9
28364,211,Room 8
28363,333,Room 10
28359,47,Room 8
28346,304,Room 12
28338,338,Room 8
28329,498,Room 7
28310,498,Room 7
28300,512,Room 1
28295,429,Room 1
28272,73,Room 2
28266,483,Room 1
28258,227,Room 1
28254,446,Room 1
28249,61,Room 10
28241,427,Room 8
28240,331,Room 1
28235,160,Room 1
28232,345,Room 1
28229,401,Room 2
28221,310,Room 9
28220,216,Room 3
28216,523,Room 1
28196,103,Room 8
28190,233,Room 1
28189,338,Room 8
28184,464,Room 3
28174,221,Room 3
28172,127,Room 6
28167,396,Room 1
28165,491,Room 9
28162,495,Room 7
28156,327,Room 3
28153,302,Room 12
28144,77,Room 4
28137,424,Room 8
28132,520,Room 3
28110,198,Room 9
28109,336,Room 8
28108,188,Room 6
28102,161,Room 1
28100,190,Room 2
28099,229,Room 3
28089,507,Room 7
28079,247,Room 3
28077,450,Room 7
28073,191,Room 6
28060,162,Room 2
28059,346,Room 5
28050,400,Room 2
28044,212,Room 3
28024,380,Room 1
28021,188,Room 6
28019,336,Room 8
28013,499,Room 1
28010,506,Room 1
28009,526,Room 1
28004,103,Room 8
27986,473,Room 1
27980,179,Room 1
27977,439,Room 5
27970,75,Room 3
27949,217,Room 4
27930,344,Room 3
27920,485,Room 5
27919,94,Room 7
27917,180,Room 1
27915,147,Room 6
27879,276,Room 9
27878,310,Room 9
27867,406,Room 1
27866,520,Room 3
27859,448,Room 1
27850,103,Room 8
27836,165,Room 2
27826,285,Room 4
27813,212,Room 3
27803,270,Room 10
27785,342,Room 10
27778,23,Room 11
27776,79,Room 3
27775,472,Room 8
27771,171,Room 2
27764,354,Room 5
27760,397,Room 12
27756,183,Room 12
27755,29,Room 2
27750,512,Room 1
27743,323,Room 1
27725,471,Room 7
27711,153,Room 3
27705,239,Room 5
27696,308,Room 1
27690,201,Room 4
27667,241,Room 2
27661,434,Room 5
27658,352,Room 1
27649,186,Room 1
27648,244,Room 3
27631,359,Room 7
27624,211,Room 8
27616,26,Room 3
27595,237,Room 4
27594,273,Room 5
27591,203,Room 2
27574,499,Room 1
27569,132,Room 2
27560,397,Room 12
27544,491,Room 9
27539,235,Room 1
27534,335,Room 5
27527,329,Room 1
27525,458,Room 9
27519,445,Room 9
27495,300,Room 2
27463,285,Room 4
27457,528,Room 5
27455,508,Room 12
27445,128,Room 12
27433,98,Room 10
27429,421,Room 10
27428,427,Room 8
27403,426,Room 6
27389,429,Room 1
27385,458,Room 9
27372,93,Room 2
27357,195,Room 4
27341,78,Room 3
27332,199,Room 5
27330,469,Room 8
27326,448,Room 1
27310,46,Room 4
27289,450,Room 7
27282,381,Room 6
27280,457,Room 4
27266,380,Room 1
27257,156,Room 1
27256,434,Room 5
27252,485,Room 5
27245,186,Room 1
27231,424,Room 8
27228,211,Room 8
27225,214,Room 9
27223,469,Room 8
27217,254,Room 2
27212,455,Room 9
27208,524,Room 5
27186,470,Room 7
27174,295,Room 6
27164,447,Room 5
27155,517,Room 10
27154,342,Room 10
27145,264,Room 4
27144,259,Room 2
27141,54,Room 7
27137,507,Room 7
27132,342,Room 10
27131,454,Room 9
27118,310,Room 9
27116,199,Room 5
27105,343,Room 7
27102,287,Room 2
27096,148,Room 6
27091,510,Room 6
27079,115,Room 9
27078,416,Room 1
27069,250,Room 3
27058,518,Room 11
27054,425,Room 7
27031,465,Room 12
27027,282,Room 7
27023,454,Room 9
27022,73,Room 2
27019,442,Room 1
27018,313,Room 1
26995,435,Room 5
26989,513,Room 10
26988,36,Room 4
26983,524,Room 5
26976,20,Room 4
26975,434,Room 5
26972,251,Room 12
26970,436,Room 3
26963,461,Room 7
26953,89,Room 3
26950,144,Room 4
26941,332,Room 10
26919,121,Room 9
26907,33,Room 2
26906,133,Room 11
26889,190,Room 2
26875,21,Room 8
26871,92,Room 3
26867,319,Room 1
26858,439,Room 5
26844,152,Room 4
26841,193,Room 2
26837,28,Room 9
26829,132,Room 2
26828,82,Room 10
26821,83,Room 6
26818,381,Room 6
26814,516,Room 7
26812,133,Room 11
26805,330,Room 3
26804,455,Room 9
26786,418,Room 1
26773,513,Room 10
26763,343,Room 7
26762,198,Room 9
26755,448,Room 1
26754,474,Room 5
26751,173,Room 2
26744,438,Room 9
26729,494,Room 10
26718,316,Room 6
26703,276,Room 9
26696,526,Room 1
26694,291,Room 11
26688,394,Room 11
26683,188,Room 6
26655,14,Room 3
26641,31,Room 2
26621,47,Room 8
26620,516,Room 7
26612,42,Room 2
26609,521,Room 5
26598,430,Room 6
26587,139,Room 4
26577,298,Room 1
26571,525,Room 10
26561,214,Room 9
26560,320,Room 10
26557,59,Room 3
26556,431,Room 12
26547,137,Room 2
26534,453,Room 5
26527,28,Room 9
26518,227,Room 1
26515,281,Room 3
26513,320,Room 10
26507,467,Room 6
26506,268,Room 3
26503,370,Room 11
26501,66,Room 2
26500,495,Room 7
26496,495,Room 7
26489,149,Room 6
26484,167,Room 2
26473,349,Room 6
26468,365,Room 5
26465,506,Room 1
26459,268,Room 3
26453,363,Room 1
26444,39,Room 4
26432,397,Room 12
26424,270,Room 10
26414,354,Room 5
26409,230,Room 1
26408,137,Room 2
26403,5,Room 4
26399,369,Room 11
26398,449,Room 9
26397,485,Room 5
26381,423,Room 8
26371,516,Room 7
26368,516,Room 7
26366,101,Room 4
26358,506,Room 1
26356,347,Room 3
26348,361,Room 11
26347,447,Room 5
26329,450,Room 7
26328,148,Room 6
26318,84,Room 3
26314,129,Room 5
26303,416,Room 1
26290,91,Room 3
26284,519,Room 3
26277,279,Room 12
26276,525,Room 10
26252,35,Room 2
26249,407,Room 6
26248,197,Room 4
26247,467,Room 6
26234,455,Room 9
26229,20,Room 4
26228,483,Room 1
26223,31,Room 2
26221,92,Room 3
26220,453,Room 5
26214,60,Room 4
26193,524,Room 5
26191,415,Room 1
26181,184,Room 5
26175,383,Room 6
26163,428,Room 7
26150,334,Room 5
26142,401,Room 2
26141,441,Room 5
26133,485,Room 5
26125,36,Room 4
26113,164,Room 1
26106,352,Room 1
26096,84,Room 3
26089,225,Room 11
26082,517,Room 10
26079,310,Room 9
26072,229,Room 3
26070,201,Room 4
26060,438,Room 9
26039,405,Room 6
26029,435,Room 5
26024,142,Room 11
26021,17,Room 2
26020,418,Room 1
26019,352,Room 1
26016,424,Room 8
26011,98,Room 10
26010,206,Room 3
26009,435,Room 5
26007,475,Room 7
26004,196,Room 2
26003,149,Room 6
25993,31,Room 2
25971,148,Room 6
25968,177,Room 12
25967,527,Room 7
25956,160,Room 1
25944,317,Room 1
25943,423,Room 8
25938,298,Room 1
25931,142,Room 11
25926,8,Room 4
25917,470,Room 7
25915,477,Room 1
25892,232,Room 1
25888,13,Room 8
25877,272,Room 1
25872,455,Room 9
25854,117,Room 8
25853,140,Room 11
25851,314,Room 2
25836,319,Room 1
25829,9,Room 4
25819,441,Room 5
25818,461,Room 7
25814,307,Room 12
25783,142,Room 11
25773,402,Room 12
25771,153,Room 3
25770,450,Room 7
25755,460,Room 9
25737,123,Room 2
25722,44,Room 4
25698,304,Room 12
25695,316,Room 6
25686,182,Room 12
25683,87,Room 2
25671,178,Room 1
25657,526,Room 1
25643,288,Room 1
25638,447,Room 5
25625,267,Room 4
25612,353,Room 8
25611,451,Room 5
25607,513,Room 10
25602,57,Room 2
25578,212,Room 3
25568,370,Room 11
25566,251,Room 12
25564,336,Room 8
25563,334,Room 5
25561,188,Room 6
25552,314,Room 2
25551,380,Room 1
25542,197,Room 4
25521,349,Room 6
25520,375,Room 1
25509,500,Room 1
25508,470,Room 7
25505,15,Room 4
25503,446,Room 1
25500,193,Room 2
25499,502,Room 1
25491,477,Room 1
25482,483,Room 1
25480,208,Room 5
25478,77,Room 4
25477,450,Room 7
25465,245,Room 5
25461,301,Room 6
25454,423,Room 8
25452,110,Room 4
25445,147,Room 6
25436,272,Room 1
25431,469,Room 8
25426,311,Room 5
25411,246,Room 5
25404,282,Room 7
25402,463,Room 1
25401,495,Room 7
25396,465,Room 12
25393,376,Room 6
25383,214,Room 9
25379,256,Room 3
25372,492,Room 1
25369,458,Room 9
25361,477,Room 1
25354,394,Room 11
25350,397,Room 12
25343,529,Room 5
25338,308,Room 1
25326,349,Room 6
25323,215,Room 3
25315,361,Room 11
25313,416,Room 1
25310,442,Room 1
25305,129,Room 5
25286,170,Room 2
25273,333,Room 10
25266,77,Room 4
25265,205,Room 12
25264,179,Room 1
25263,478,Room 1
25255,354,Room 5
25245,33,Room 2
25236,369,Room 11
25235,49,Room 11
25227,469,Room 8
25222,326,Room 1
25211,493,Room 1
25201,524,Room 5
25197,205,Room 12
25191,245,Room 5
25176,331,Room 1
25173,354,Room 5
25161,117,Room 8
25145,366,Room 6
25144,323,Room 1
25143,336,Room 8
25138,83,Room 6
25135,427,Room 8
25133,328,Room 3
25128,382,Room 6
25124,471,Room 7
25121,493,Room 1
25116,276,Room 9
25111,143,Room 3
25108,398,Room 1
25105,381,Room 6
25099,522,Room 6
25097,453,Room 5
25091,445,Room 9
25090,377,Room 1
25072,363,Room 1
25061,160,Room 1
25054,199,Room 5
25052,322,Room 1
25043,474,Room 5
25038,461,Room 7
25033,257,Room 5
25032,224,Room 12
25010,369,Room 11
25009,195,Room 4
25003,226,Room 11
25001,417,Room 6
24991,419,Room 1
24989,431,Room 12
24981,195,Room 4
24968,327,Room 3
24962,506,Room 1
24961,394,Room 11
24952,305,Room 2
24951,429,Room 1
24938,419,Room 1
24934,477,Room 1
24921,460,Room 9
24920,529,Room 5
24918,273,Room 5
24915,137,Room 2
24907,114,Room 4
24892,498,Room 7
24888,390,Room 2
24883,370,Room 11
24880,528,Room 5
24872,430,Room 6
24867,353,Room 8
24866,340,Room 3
24864,451,Room 5
24849,429,Room 1
24846,503,Room 1
24844,414,Room 6
24843,498,Room 7
24835,15,Room 4
24820,268,Room 3
24819,287,Room 2
24813,469,Room 8
24811,473,Room 1
24806,381,Room 6
24800,261,Room 5
24798,372,Room 7
24796,58,Room 3
24792,392,Room 1
24791,240,Room 5
24790,115,Room 9
24785,465,Room 12
24781,509,Room 7
24769,202,Room 2
24765,376,Room 6
24764,134,Room 6
24760,229,Room 3
24757,469,Room 8
24755,52,Room 2
24754,200,Room 2
24750,272,Room 1
24749,345,Room 1
24742,296,Room 3
24731,417,Room 6
24723,433,Room 1
24715,34,Room 2
24712,347,Room 3
24710,498,Room 7
24704,428,Room 7
24701,447,Room 5
24699,54,Room 7
24693,369,Room 11
24688,462,Room 1
24686,221,Room 3
24685,462,Room 1
24682,458,Room 9
24676,426,Room 6
24670,121,Room 9
24668,384,Room 1
24659,273,Room 5
24652,165,Room 2
24649,472,Room 8
24648,465,Room 12
24642,94,Room 7
24639,201,Room 4
24637,167,Room 2
24617,258,Room 3
24609,236,Room 6
24604,291,Room 11
24594,175,Room 2
24585,413,Room 6
24582,285,Room 4
24566,343,Room 7
24562,195,Room 4
24561,119,Room 7
24557,296,Room 3
24555,460,Room 9
24554,190,Room 2
24550,90,Room 10
24538,140,Room 11
24516,423,Room 8
24508,60,Room 4
24501,361,Room 11
24496,198,Room 9
24477,511,Room 10
24449,465,Room 12
24445,511,Room 10
24440,264,Room 4
24436,315,Room 1
24435,458,Room 9
24433,490,Room 1
24432,468,Room 7
24422,427,Room 8
24413,468,Room 7
24412,397,Room 12
24398,67,Room 2
24396,480,Room 1
24383,450,Room 7
24381,391,Room 6
24374,200,Room 2
24371,336,Room 8
24364,295,Room 6
24363,191,Room 6
24358,358,Room 2
24356,371,Room 11
24346,494,Room 10
24344,283,Room 1
24343,516,Room 7
24342,127,Room 6
24341,378,Room 6
24340,416,Room 1
24336,518,Room 11
24330,381,Room 6
24329,267,Room 4
24323,130,Room 9
24319,139,Room 4
24315,513,Room 10
24308,495,Room 7
24306,335,Room 5
24289,210,Room 2
24282,523,Room 1
24272,527,Room 7
24258,444,Room 5
24254,10,Room 8
24253,21,Room 8
24248,115,Room 9
24238,278,Room 5
24228,238,Room 1
24226,501,Room 6
24220,456,Room 3
24215,467,Room 6
24185,461,Room 7
24180,355,Room 1
24178,426,Room 6
24177,445,Room 9
24172,378,Room 6
24162,343,Room 7
24155,153,Room 3
24151,187,Room 4
24119,291,Room 11
24116,293,Room 12
24096,206,Room 3
24094,401,Room 2
24082,137,Room 2
24081,360,Room 1
24079,461,Room 7
24074,147,Room 6
24073,136,Room 5
24065,265,Room 3
24062,145,Room 2
24061,378,Room 6
24049,358,Room 2
24047,72,Room 4
24045,146,Room 5
24039,127,Room 6
24038,430,Room 6
24035,408,Room 5
24030,168,Room 1
24025,254,Room 2
24016,333,Room 10
24014,290,Room 2
24013,291,Room 11
24012,226,Room 11
24003,277,Room 3
24002,264,Room 4
23985,348,Room 3
23983,458,Room 9
23980,212,Room 3
23963,495,Room 7
23956,425,Room 7
23953,512,Room 1
23942,461,Room 7
23935,368,Room 1
23931,400,Room 2
23930,245,Room 5
23929,285,Room 4
23924,227,Room 1
23922,389,Room 2
23915,142,Room 11
23891,448,Room 1
23888,144,Room 4
23878,182,Room 12
23875,189,Room 12
23871,258,Room 3
23863,409,Room 1
23855,451,Room 5
23849,363,Room 1
23847,514,Room 6
23842,118,Room 9
23833,222,Room 4
23815,374,Room 1
23812,346,Room 5
23809,241,Room 2
23806,437,Room 1
23805,249,Room 1
23800,269,Room 5
23791,56,Room 3
23782,186,Room 1
23781,163,Room 12
23770,4,Room 2
23764,166,Room 2
23757,31,Room 2
23754,313,Room 1
23747,126,Room 11
23746,120,Room 2
23743,13,Room 8
23741,379,Room 6
23740,171,Room 2
23739,468,Room 7
23738,139,Room 4
23736,466,Room 1
23735,155,Room 2
23722,255,Room 2
23719,470,Room 7
23701,426,Room 6
23695,220,Room 2
23693,490,Room 1
23681,61,Room 10
23675,23,Room 11
23674,490,Room 1
23666,189,Room 12
23659,380,Room 1
23644,125,Room 6
23642,10,Room 8
23640,175,Room 2
23639,292,Room 5
23637,389,Room 2
23635,517,Room 10
23627,438,Room 9
23625,449,Room 9
23621,490,Room 1
23618,143,Room 3
23614,79,Room 3
23610,509,Room 7
23592,188,Room 6
23588,390,Room 2
23581,356,Room 2
23578,462,Room 1
23576,84,Room 3
23573,34,Room 2
23570,200,Room 2
23568,252,Room 3
23564,370,Room 11
23560,320,Room 10
23555,471,Room 7
23552,511,Room 10
23548,520,Room 3
23544,428,Room 7
23533,245,Room 5
23531,369,Room 11
23528,459,Room 1
23520,100,Room 3
23514,426,Room 6
23512,383,Room 6
23509,85,Room 2
23505,223,Room 11
23499,280,Room 9
23498,142,Room 11
23496,323,Room 1
23494,134,Room 6
23493,223,Room 11
23490,369,Room 11
23488,152,Room 4
23483,273,Room 5
23475,470,Room 7
23472,513,Room 10
23470,420,Room 1
23466,305,Room 2
23463,226,Room 11
23462,438,Room 9
23461,203,Room 2
23458,131,Room 2
23454,174,Room 2
23452,60,Room 4
23445,389,Room 2
23440,505,Room 1
23437,455,Room 9
23428,315,Room 1
23423,223,Room 11
23422,208,Room 5
23414,508,Room 12
23413,256,Room 3
23410,526,Room 1
23408,262,Room 2
23401,14,Room 3
23392,512,Room 1
23391,408,Room 5
23389,316,Room 6
23388,291,Room 11
23365,397,Room 12
23360,450,Room 7
23358,319,Room 1
23352,402,Room 12
23351,371,Room 11
23348,197,Room 4
23332,351,Room 1
23324,382,Room 6
23321,358,Room 2
23315,302,Room 12
23294,430,Room 6
23292,236,Room 6
23288,152,Room 4
23285,119,Room 7
23284,463,Room 1
23280,199,Room 5
23277,142,Room 11
23274,134,Room 6
23271,86,Room 2
23256,479,Room 1
23253,500,Room 1
23252,188,Room 6
23225,213,Room 9
23220,408,Room 5
23219,142,Room 11
23215,94,Room 7
23214,243,Room 3
23206,320,Room 10
23205,116,Room 10
23200,523,Room 1
23199,420,Room 1
23195,77,Room 4
23194,257,Room 5
23193,402,Room 12
23185,470,Room 7
23179,242,Room 2
23177,136,Room 5
23171,460,Room 9
23162,399,Room 1
23161,365,Room 5
23148,463,Room 1
23141,270,Room 10
23137,246,Room 5
23136,450,Room 7
23133,197,Room 4
23131,420,Room 1
23130,158,Room 12
23126,296,Room 3
23124,461,Room 7
23114,281,Room 3
23109,522,Room 6
23102,140,Room 11
23095,329,Room 1
23094,305,Room 2
23092,139,Room 4
23091,401,Room 2
23086,444,Room 5
23081,331,Room 1
23080,400,Room 2
23078,299,Room 6
23076,437,Room 1
23064,283,Room 1
23053,171,Room 2
23052,263,Room 1
23049,149,Room 6
23047,306,Room 6
23046,336,Room 8
23041,119,Room 7
23035,222,Room 4
23025,299,Room 6
23023,438,Room 9
23022,468,Room 7
23021,489,Room 8
23016,307,Room 12
23014,250,Room 3
23010,287,Room 2
22999,461,Room 7
22995,249,Room 1
22992,381,Room 6
22991,468,Room 7
22990,390,Room 2
22984,331,Room 1
22983,256,Room 3
22982,230,Room 1
22974,498,Room 7
22960,303,Room 1
22959,275,Room 9
22957,46,Room 4
22925,291,Room 11
22916,456,Room 3
22912,260,Room 2
22904,282,Room 7
22902,113,Room 3
22900,417,Room 6
22899,311,Room 5
22897,458,Room 9
22896,387,Room 1
22892,317,Room 1
22880,76,Room 8
22873,226,Room 11
22861,185,Room 1
22860,318,Room 1
22857,379,Room 6
22852,306,Room 6
22846,496,Room 6
22837,506,Room 1
22834,389,Room 2
22833,525,Room 10
22832,433,Room 1
22828,221,Room 3
22820,428,Room 7
22815,249,Room 1
22812,280,Room 9
22809,428,Room 7
22806,275,Room 9
22787,425,Room 7
22781,173,Room 2
22779,302,Room 12
22777,322,Room 1
22772,469,Room 8
22771,470,Room 7
22770,497,Room 12
22769,522,Room 6
22765,350,Room 11
22759,469,Room 8
22755,223,Room 11
22743,494,Room 10
22742,169,Room 2
22739,225,Room 11
22722,308,Room 1
22721,350,Room 11
22719,528,Room 5
22713,382,Room 6
22711,475,Room 7
22699,419,Room 1
22698,436,Room 3
22686,226,Room 11
22683,387,Room 1
22680,465,Room 12
22679,276,Room 9
22677,370,Room 11
22665,495,Room 7
22664,34,Room 2
22663,284,Room 10
22659,351,Room 1
22657,475,Room 7
22655,444,Room 5
22648,213,Room 9
22642,293,Room 12
22637,307,Room 12
22632,439,Room 5
22631,425,Room 7
22624,117,Room 8
22599,83,Room 6
22594,125,Room 6
22580,458,Room 9
22571,291,Room 11
22568,475,Room 7
22563,350,Room 11
22561,463,Room 1
22548,211,Room 8
22546,16,Room 1
22545,229,Room 3
22539,152,Room 4
22536,167,Room 2
22528,460,Room 9
22519,284,Room 10
22518,350,Room 11
22515,93,Room 2
22508,167,Room 2
22501,164,Room 1
22500,43,Room 2
22499,115,Room 9
22491,75,Room 3
22485,447,Room 5
22483,80,Room 3
22482,406,Room 1
22476,371,Room 11
22472,454,Room 9
22471,279,Room 12
22464,199,Room 5
22455,471,Room 7
22454,127,Room 6
22441,33,Room 2
22437,371,Room 11
22435,261,Room 5
22431,120,Room 2
22429,468,Room 7
22418,254,Room 2
22402,525,Room 10
22400,451,Room 5
22397,517,Room 10
22396,116,Room 10
22395,175,Room 2
22391,251,Room 12
22387,406,Room 1
22382,427,Room 8
22381,421,Room 10
22375,434,Room 5
22366,350,Room 11
22362,137,Room 2
22361,451,Room 5
22359,498,Room 7
22355,405,Room 6
22351,507,Room 7
22350,434,Room 5
22347,370,Room 11
22334,472,Room 8
22332,491,Room 9
22327,517,Room 10
22323,285,Room 4
22320,357,Room 2
22318,329,Room 1
22312,464,Room 3
22306,163,Room 12
22305,431,Room 12
22303,503,Room 1
22300,266,Room 4
22294,96,Room 3
22291,133,Room 11
22290,348,Room 3
22285,496,Room 6
22282,253,Room 2
22280,449,Room 9
22264,212,Room 3
22260,192,Room 2
22246,54,Room 7
22242,509,Room 7
22234,485,Room 5
22221,495,Room 7
22218,310,Room 9
22213,188,Room 6
22200,481,Room 5
22189,267,Room 4
22178,274,Room 2
22169,310,Room 9
22164,333,Room 10
22162,457,Room 4
22147,8,Room 4
22146,332,Room 10
22143,299,Room 6
22137,426,Room 6
22133,259,Room 2
22127,282,Room 7
22125,424,Room 8
22120,105,Room 2
22117,50,Room 2
22102,226,Room 11
22093,90,Room 10
22089,273,Room 5
22083,515,Room 12
22082,20,Room 4
22081,328,Room 3
22078,478,Room 1
22077,353,Room 8
22070,319,Room 1
22067,382,Room 6
22066,470,Room 7
22065,76,Room 8
22063,428,Room 7
22060,138,Room 2
22057,158,Room 12
22039,365,Room 5
22036,183,Room 12
22023,249,Room 1
22021,293,Room 12
22013,312,Room 6
22012,129,Room 5
21991,310,Room 9
21986,282,Room 7
21983,361,Room 11
21979,7,Room 4
21974,440,Room 1
21963,396,Room 1
21962,446,Room 1
21958,429,Room 1
21956,375,Room 1
21952,121,Room 9
21946,502,Room 1
21945,521,Room 5
21943,348,Room 3
21942,47,Room 8
21939,291,Room 11
21928,383,Room 6
21919,500,Room 1
21916,495,Room 7
21907,449,Room 9
21903,434,Room 5
21892,375,Room 1
21883,125,Room 6
21881,240,Room 5
21880,117,Room 8
21869,300,Room 2
21868,489,Room 8
21867,308,Room 1
21864,65,Room 4
21857,336,Room 8
21851,377,Room 1
21847,175,Room 2
21843,461,Room 7
21842,345,Room 1
21825,298,Room 1
21823,104,Room 2
21820,207,Room 2
21814,289,Room 2
21808,182,Room 12
21793,371,Room 11
21784,373,Room 1
21783,460,Room 9
21777,427,Room 8
21770,395,Room 1
21769,222,Room 4
21761,515,Room 12
21759,226,Room 11
21758,50,Room 2
21739,13,Room 8
21730,321,Room 1
21728,384,Room 1
21725,430,Room 6
21718,164,Room 1
21713,519,Room 3
21711,229,Room 3
21709,489,Room 8
21707,514,Room 6
21704,441,Room 5
21702,243,Room 3
21694,223,Room 11
21690,281,Room 3
21684,163,Room 12
21673,294,Room 3
21668,102,Room 3
21658,452,Room 10
21655,457,Room 4
21654,312,Room 6
21652,257,Room 5
21646,343,Room 7
21644,206,Room 3
21640,69,Room 2
21630,222,Room 4
21617,524,Room 5
21615,299,Room 6
21610,147,Room 6
21602,346,Room 5
21600,442,Room 1
21598,248,Room 1
21592,428,Room 7
21572,34,Room 2
21571,119,Room 7
21547,155,Room 2
21535,82,Room 10
21534,313,Room 1
21524,247,Room 3
21522,47,Room 8
21520,307,Room 12
21514,397,Room 12
21508,89,Room 3
21503,505,Room 1
21482,260,Room 2
21481,380,Room 1
21478,370,Room 11
21472,353,Room 8
21464,335,Room 5
21458,477,Room 1
21452,489,Room 8
21447,449,Room 9
21445,316,Room 6
21440,348,Room 3
21422,24,Room 1
21420,118,Room 9
21416,279,Room 12
21409,88,Room 2
21403,114,Room 4
21398,156,Room 1
21393,430,Room 6
21390,274,Room 2
21370,511,Room 10
21368,180,Room 1
21367,404,Room 1
21361,179,Room 1
21358,202,Room 2
21350,472,Room 8
21347,459,Room 1
21344,115,Room 9
21338,70,Room 4
21335,352,Room 1
21330,410,Room 1
21325,188,Room 6
21320,220,Room 2
21319,292,Room 5
21316,217,Room 4
21305,440,Room 1
21298,6,Room 8
21293,431,Room 12
21287,52,Room 2
21285,146,Room 5
21274,13,Room 8
21265,374,Room 1
21257,437,Room 1
21255,513,Room 10
21254,481,Room 5
21253,99,Room 4
21246,490,Room 1
21241,451,Room 5
21232,505,Room 1
21221,244,Room 3
21213,302,Room 12
21212,16,Room 1
21201,237,Room 4
21184,453,Room 5
21178,228,Room 1
21177,266,Room 4
21165,529,Room 5
21162,243,Room 3
21149,453,Room 5
21124,470,Room 7
21116,501,Room 6
21113,280,Room 9
21110,457,Room 4
21103,370,Room 11
21101,361,Room 11
21098,227,Room 1
21083,89,Room 3
21079,118,Room 9
21078,511,Room 10
21075,370,Room 11
21071,267,Room 4
21069,204,Room 2
21061,31,Room 2
21049,341,Room 3
21038,115,Room 9
21034,308,Room 1
21031,388,Room 2
21024,338,Room 8
21022,485,Room 5
21017,46,Room 4
21016,489,Room 8
21011,498,Room 7
20995,288,Room 1
20979,426,Room 6
20969,301,Room 6
20968,359,Room 7
20967,47,Room 8
20966,114,Room 4
20965,188,Room 6
20952,472,Room 8
20947,173,Room 2
20943,91,Room 3
20942,22,Room 3
20940,495,Room 7
20934,394,Room 11
20919,225,Room 11
20901,495,Room 7
20898,63,Room 3
20897,236,Room 6
20887,309,Room 1
20881,75,Room 3
20880,228,Room 1
20866,300,Room 2
20862,28,Room 9
20854,167,Room 2
20850,223,Room 11
20849,16,Room 1
20847,229,Room 3
20844,205,Room 12
20836,527,Room 7
20830,427,Room 8
20815,74,Room 6
20813,278,Room 5
20812,491,Room 9
20810,412,Room 1
20807,333,Room 10
20803,268,Room 3
20790,520,Room 3
20788,213,Room 9
20786,176,Room 4
20784,474,Room 5
20782,142,Room 11
20780,400,Room 2
20777,264,Room 4
20765,265,Room 3
20764,416,Room 1
20763,379,Room 6
20750,232,Room 1
20746,118,Room 9
20743,54,Room 7
20737,113,Room 3
20732,225,Room 11
20727,414,Room 6
20718,354,Room 5
20713,61,Room 10
20711,414,Room 6
20701,98,Room 10
20699,51,Room 2
20698,88,Room 2
20694,89,Room 3
20688,249,Room 1
20677,211,Room 8
20676,132,Room 2
20674,245,Room 5
20671,426,Room 6
20668,505,Room 1
20657,518,Room 11
20656,106,Room 2
20655,84,Room 3
20653,187,Room 4
20648,497,Room 12
20646,528,Room 5
20644,334,Room 5
20643,281,Room 3
20637,347,Room 3
20629,170,Room 2
20613,273,Room 5
20611,146,Room 5
20601,509,Room 7
20587,524,Room 5
20577,302,Room 12
20575,333,Room 10
20565,126,Room 11
20563,251,Room 12
20561,33,Room 2
20560,414,Room 6
20556,269,Room 5
20551,124,Room 6
20548,1,Room 12
20538,34,Room 2
20537,136,Room 5
20535,468,Room 7
20531,427,Room 8
20524,188,Room 6
20522,275,Room 9
20519,88,Room 2
20518,521,Room 5
20512,265,Room 3
20502,209,Room 9
20501,375,Room 1
20500,472,Room 8
20499,498,Room 7
20496,494,Room 10
20494,527,Room 7
20483,209,Room 9
20482,484,Room 1
20462,116,Room 10
20461,54,Room 7
20439,304,Room 12
20438,390,Room 2
20436,404,Room 1
20435,350,Room 11
20431,179,Room 1
20428,137,Room 2
20427,253,Room 2
20424,118,Room 9
20420,469,Room 8
20419,248,Room 1
20417,14,Room 3
20413,461,Room 7
20406,414,Room 6
20394,203,Room 2
20382,38,Room 3
20364,485,Room 5
20361,468,Room 7
20358,130,Room 9
20344,190,Room 2
20342,217,Room 4
20335,361,Room 11
20333,213,Room 9
20331,275,Room 9
20328,515,Room 12
20325,335,Room 5
20324,2,Room 3
20306,76,Room 8
20305,157,Room 6
20297,402,Room 12
20289,320,Room 10
20286,425,Room 7
20284,367,Room 1
20273,282,Room 7
20260,421,Room 10
20251,114,Room 4
20250,111,Room 4
20244,487,Room 1
20239,522,Room 6
20236,140,Room 11
20233,166,Room 2
20214,348,Room 3
20207,334,Room 5
20205,467,Room 6
20202,464,Room 3
20198,99,Room 4
20195,216,Room 3
20194,343,Room 7
20187,146,Room 5
20186,259,Room 2
20182,428,Room 7
20179,495,Room 7
20172,100,Room 3
20165,459,Room 1
20161,49,Room 11
20160,463,Room 1
20152,10,Room 8
20148,38,Room 3
20145,366,Room 6
20144,79,Room 3
20141,516,Room 7
20140,366,Room 6
20136,12,Room 4
20133,189,Room 12
20121,275,Room 9
20118,209,Room 9
20109,108,Room 3
20104,182,Room 12
20103,384,Room 1
20087,509,Room 7
20072,337,Room 3
20069,426,Room 6
20064,482,Room 1
20060,343,Room 7
20057,447,Room 5
20052,458,Room 9
20051,155,Room 2
20041,459,Room 1
20006,361,Room 11
19999,28,Room 9
19993,321,Room 1
19988,413,Room 6
19985,501,Room 6
19980,251,Room 12
19978,159,Room 2
19974,447,Room 5
19972,508,Room 12
19969,28,Room 9
19966,319,Room 1
19957,528,Room 5
19954,44,Room 4
19945,96,Room 3
19942,163,Room 12
19938,477,Room 1
19930,21,Room 8
19920,237,Room 4
19917,16,Room 1
19911,291,Room 11
19909,336,Room 8
19908,346,Room 5
19907,280,Room 9
19904,219,Room 2
19901,187,Room 4
19895,498,Room 7
19894,217,Room 4
19892,48,Room 2
19885,295,Room 6
19876,427,Room 8
19874,201,Room 4
19865,342,Room 10
19860,192,Room 2
19855,71,Room 2
19853,511,Room 10
19852,201,Room 4
19843,525,Room 10
19836,126,Room 11
19835,39,Room 4
19834,132,Room 2
19832,115,Room 9
19827,217,Room 4
19821,7,Room 4
19819,98,Room 10
19806,522,Room 6
19803,60,Room 4
19798,278,Room 5
19797,450,Room 7
19796,147,Room 6
19792,11,Room 2
19787,296,Room 3
19784,424,Room 8
19771,443,Room 5
19767,214,Room 9
19764,435,Room 5
19759,58,Room 3
19752,235,Room 1
19751,121,Room 9
19727,430,Room 6
19716,423,Room 8
19705,45,Room 3
19702,276,Room 9
19701,494,Room 10
19697,443,Room 5
19696,121,Room 9
19695,283,Room 1
19687,233,Room 1
19681,267,Room 4
19675,164,Room 1
19674,223,Room 11
19660,57,Room 2
19649,312,Room 6
19637,490,Room 1
19635,250,Room 3
19633,425,Room 7
19621,278,Room 5
19616,446,Room 1
19610,61,Room 10
19607,457,Room 4
19606,297,Room 4
19605,323,Room 1
19598,527,Room 7
19590,76,Room 8
19589,225,Room 11
19585,317,Room 1
19575,100,Room 3
19572,396,Room 1
19553,124,Room 6
19552,28,Room 9
19550,92,Room 3
19549,115,Room 9
19548,53,Room 2
19547,403,Room 2
19546,266,Room 4
19544,98,Room 10
19543,130,Room 9
19542,468,Room 7
19541,356,Room 2
19540,418,Room 1
19531,11,Room 2
19525,310,Room 9
19519,475,Room 7
19512,426,Room 6
19505,94,Room 7
19503,28,Room 9
19500,497,Room 12
19493,308,Room 1
19490,418,Room 1
19475,280,Room 9
19470,1,Room 12
19469,115,Room 9
19466,430,Room 6
19455,309,Room 1
19446,44,Room 4
19441,489,Room 8
19440,180,Room 1
19437,126,Room 11
19431,102,Room 3
19430,126,Room 11
19420,182,Room 12
19412,103,Room 8
19406,311,Room 5
19400,507,Room 7
19398,111,Room 4
19389,37,Room 2
19382,517,Room 10
19381,471,Room 7
19378,502,Room 1
19358,443,Room 5
19349,142,Room 11
19342,266,Room 4
19341,519,Room 3
19340,444,Room 5
19331,519,Room 3
19328,404,Room 1
19327,343,Room 7
19323,21,Room 8
19322,431,Room 12
19316,474,Room 5
19312,353,Room 8
19301,40,Room 2
19300,462,Room 1
19287,425,Room 7
19284,278,Room 5
19273,278,Room 5
19272,455,Room 9
19270,46,Room 4
19268,298,Room 1
19257,153,Room 3
19254,461,Room 7
19248,325,Room 1
19246,6,Room 8
19244,297,Room 4
19243,498,Room 7
19240,337,Room 3
19234,405,Room 6
19233,280,Room 9
19231,453,Room 5
19229,24,Room 1
19224,527,Room 7
19219,273,Room 5
19218,389,Room 2
19217,427,Room 8
19216,270,Room 10
19215,270,Room 10
19212,526,Room 1
19205,528,Room 5
19200,513,Room 10
19198,118,Room 9
19190,103,Room 8
19187,527,Room 7
19180,373,Room 1
19175,469,Room 8
19174,101,Room 4
19168,1,Room 12
19157,335,Room 5
19152,188,Room 6
19149,55,Room 10
19145,449,Room 9
19141,81,Room 1
19135,369,Room 11
19127,178,Room 1
19113,517,Room 10
19093,94,Room 7
19091,302,Room 12
19080,489,Room 8
19079,118,Room 9
19078,14,Room 3
19073,493,Room 1
19068,142,Room 11
19040,457,Room 4
19034,178,Room 1
19027,310,Room 9
19022,115,Room 9
19019,433,Room 1
18998,255,Room 2
18997,93,Room 2
18993,30,Room 2
18992,427,Room 8
18989,179,Room 1
18984,214,Room 9
18983,240,Room 5
18977,266,Room 4
18974,525,Room 10
18973,424,Room 8
18965,251,Room 12
18953,499,Room 1
18947,306,Room 6
18940,516,Room 7
18938,239,Room 5
18927,53,Room 2
18915,214,Room 9
18914,211,Room 8
18904,407,Room 6
18902,336,Room 8
18883,258,Room 3
18882,255,Room 2
18881,217,Room 4
18878,140,Room 11
18873,312,Room 6
18868,53,Room 2
18866,285,Room 4
18862,129,Room 5
18856,136,Room 5
18852,233,Room 1
18851,495,Room 7
18850,529,Room 5
18849,99,Room 4
18848,496,Room 6
18843,208,Room 5
18823,194,Room 3
18822,149,Room 6
18805,503,Room 1
18803,97,Room 9
18795,442,Room 1
18791,146,Room 5
18778,510,Room 6
18776,455,Room 9
18773,281,Room 3
18772,297,Room 4
18763,9,Room 4
18759,438,Room 9
18757,117,Room 8
18755,355,Room 1
18750,133,Room 11
18747,276,Room 9
18739,513,Room 10
18726,496,Room 6
18724,5,Room 4
18723,472,Room 8
18717,495,Room 7
18716,361,Room 11
18715,468,Room 7
18712,413,Room 6
18711,470,Room 7
18704,123,Room 2
18700,348,Room 3
18699,213,Room 9
18695,258,Room 3
18692,323,Room 1
18686,294,Room 3
18685,489,Room 8
18682,217,Room 4
18679,356,Room 2
18672,461,Room 7
18656,245,Room 5
18653,522,Room 6
18651,213,Room 9
18650,469,Room 8
18647,26,Room 3
18645,252,Room 3
18637,127,Room 6
18636,258,Room 3
18630,511,Room 10
18629,520,Room 3
18625,296,Room 3
18623,514,Room 6
18622,131,Room 2
18620,522,Room 6
18613,151,Room 6
18605,369,Room 11
18604,428,Room 7
18603,478,Room 1
18602,269,Room 5
18600,84,Room 3
18593,306,Room 6
18592,359,Room 7
18584,127,Room 6
18582,464,Room 3
18574,369,Room 11
18563,518,Room 11
18544,443,Room 5
18538,179,Room 1
18533,408,Room 5
18531,157,Room 6
18529,402,Room 12
18524,343,Room 7
18523,438,Room 9
18518,266,Room 4
18517,504,Room 1
18510,13,Room 8
18506,408,Room 5
18505,443,Room 5
18501,440,Room 1
18499,35,Room 2
18490,201,Room 4
18485,188,Room 6
18482,264,Room 4
18473,464,Room 3
18471,226,Room 11
18451,144,Room 4
18449,270,Room 10
18445,269,Room 5
18436,134,Room 6
18434,371,Room 11
18426,500,Room 1
18417,322,Room 1
18413,197,Room 4
18405,391,Room 6
18401,494,Room 10
18400,458,Room 9
18398,383,Room 6
18394,498,Room 7
18391,221,Room 3
18387,509,Room 7
18383,32,Room 2
18380,226,Room 11
18372,169,Room 2
18371,246,Room 5
18359,89,Room 3
18357,419,Room 1
18352,309,Room 1
18347,94,Room 7
18346,3,Room 8
18345,465,Room 12
18327,527,Room 7
18319,166,Room 2
18314,156,Room 1
18310,140,Room 11
18307,394,Room 11
18304,22,Room 3
18303,487,Room 1
18302,411,Room 4
18297,329,Room 1
18290,271,Room 2
18279,139,Room 4
18277,379,Room 6
18273,452,Room 10
18264,412,Room 1
18257,256,Room 3
18255,148,Room 6
18252,200,Room 2
18246,303,Room 1
18245,180,Room 1
18243,164,Room 1
18240,417,Room 6
18236,284,Room 10
18234,369,Room 11
18232,450,Room 7
18225,353,Room 8
18223,428,Room 7
18221,472,Room 8
18220,474,Room 5
18218,269,Room 5
18204,261,Room 5
18201,291,Room 11
18196,371,Room 11
18195,157,Room 6
18194,39,Room 4
18182,257,Room 5
18181,128,Room 12
18179,452,Room 10
18177,230,Room 1
18172,354,Room 5
18165,375,Room 1
18164,289,Room 2
18161,76,Room 8
18150,454,Room 9
18146,408,Room 5
18145,417,Room 6
18142,385,Room 1
18137,426,Room 6
18136,255,Room 2
18134,482,Room 1
18132,223,Room 11
18119,349,Room 6
18116,129,Room 5
18113,449,Room 9
18105,454,Room 9
18104,383,Room 6
18100,508,Room 12
18098,238,Room 1
18077,303,Room 1
18069,365,Room 5
18067,244,Room 3
18063,12,Room 4
18052,44,Room 4
18050,265,Room 3
18047,188,Room 6
18045,10,Room 8
18043,440,Room 1
18039,194,Room 3
18029,116,Room 10
18020,313,Room 1
18013,297,Room 4
18006,409,Room 1
18001,467,Room 6
17996,422,Room 5
17992,505,Room 1
17991,151,Room 6
17990,264,Room 4
17986,350,Room 11
17985,151,Room 6
17978,517,Room 10
17977,357,Room 2
17969,476,Room 1
17967,287,Room 2
17965,427,Room 8
17957,446,Room 1
17956,127,Room 6
17951,471,Room 7
17950,439,Room 5
17946,130,Room 9
17942,516,Room 7
17938,186,Room 1
17928,35,Room 2
17922,115,Room 9
17920,421,Room 10
17915,2,Room 3
17912,156,Room 1
17909,351,Room 1
17907,527,Room 7
17892,336,Room 8
17891,146,Room 5
17890,121,Room 9
17886,187,Room 4
17884,94,Room 7
17861,36,Room 4
17857,446,Room 1
17852,132,Room 2
17849,302,Room 12
17847,424,Room 8
17843,277,Room 3
17842,283,Room 1
17841,371,Room 11
17839,414,Room 6
17837,53,Room 2
17833,513,Room 10
17826,461,Room 7
17825,69,Room 2
17818,387,Room 1
17817,394,Room 11
17814,370,Room 11
17808,153,Room 3
17792,455,Room 9
17783,281,Room 3
17782,386,Room 1
17775,341,Room 3
17774,282,Room 7
17770,378,Room 6
17765,204,Room 2
17762,471,Room 7
17761,492,Room 1
17759,316,Room 6
17745,389,Room 2
17742,358,Room 2
17737,240,Room 5
17735,151,Room 6
17733,370,Room 11
17732,356,Room 2
17725,246,Room 5
17722,326,Room 1
17721,266,Room 4
17718,279,Room 12
17717,120,Room 2
17710,264,Room 4
17707,494,Room 10
17706,343,Room 7
17705,353,Room 8
17695,35,Room 2
17691,516,Room 7
17688,174,Room 2
17685,371,Room 11
17684,430,Room 6
17683,391,Room 6
17682,394,Room 11
17677,143,Room 3
17675,35,Room 2
17674,52,Room 2
17665,188,Room 6
17654,395,Room 1
17644,350,Room 11
17642,154,Room 2
17637,395,Room 1
17636,393,Room 1
17634,312,Room 6
17633,54,Room 7
17632,97,Room 9
17618,343,Room 7
17612,447,Room 5
17609,396,Room 1
17607,405,Room 6
17606,340,Room 3
17600,187,Room 4
17592,284,Room 10
17590,508,Room 12
17588,438,Room 9
17575,287,Room 2
17573,307,Room 12
17571,285,Room 4
17569,460,Room 9
17561,124,Room 6
17560,68,Room 2
17555,246,Room 5
17554,255,Room 2
17546,350,Room 11
17544,313,Room 1
17529,343,Room 7
17525,342,Room 10
17519,495,Room 7
17511,224,Room 12
17510,190,Room 2
17508,117,Room 8
17500,68,Room 2
17495,295,Room 6
17487,297,Room 4
17485,47,Room 8
17484,368,Room 1
17478,472,Room 8
17474,261,Room 5
17470,151,Room 6
17469,64,Room 10
17467,288,Room 1
17464,65,Room 4
17456,338,Room 8
17454,299,Room 6
17434,426,Room 6
17431,352,Room 1
17430,232,Room 1
17414,184,Room 5
17404,212,Room 3
17390,369,Room 11
17378,192,Room 2
17369,347,Room 3
17356,372,Room 7
17353,234,Room 1
17351,236,Room 6
17344,472,Room 8
17343,214,Room 9
17312,94,Room 7
17309,176,Room 4
17279,370,Room 11
17278,130,Room 9
17274,328,Room 3
17272,430,Room 6
17269,150,Room 1
17263,418,Room 1
17256,75,Room 3
17255,361,Room 11
17247,184,Room 5
17241,378,Room 6
17225,521,Room 5
17212,173,Room 2
17209,133,Room 11
17207,515,Room 12
17201,224,Room 12
17200,386,Room 1
17195,280,Room 9
17194,519,Room 3
17189,1,Room 12
17184,12,Room 4
17174,174,Room 2
17163,319,Room 1
17154,501,Room 6
17152,17,Room 2
17151,423,Room 8
17149,432,Room 1
17147,482,Room 1
17146,244,Room 3
17145,168,Room 1
17135,472,Room 8
17132,272,Room 1
17129,518,Room 11
17125,230,Room 1
17122,270,Room 10
17119,314,Room 2
17116,376,Room 6
17113,349,Room 6
17109,304,Room 12
17107,49,Room 11
17099,176,Room 4
17097,332,Room 10
17088,447,Room 5
17082,489,Room 8
17078,203,Room 2
17041,376,Room 6
17039,457,Room 4
17028,469,Room 8
17027,227,Room 1
17026,76,Room 8
17025,527,Room 7
17023,209,Room 9
17019,250,Room 3
17018,224,Room 12
17017,177,Room 12
17016,356,Room 2
17013,376,Room 6
17010,44,Room 4
16996,142,Room 11
16988,175,Room 2
16984,354,Room 5
16979,315,Room 1
16977,291,Room 11
16975,3,Room 8
16973,449,Room 9
16966,246,Room 5
16962,344,Room 3
16961,433,Room 1
16957,28,Room 9
16952,170,Room 2
16951,311,Room 5
16949,12,Room 4
16945,15,Room 4
16937,56,Room 3
16935,428,Room 7
16927,359,Room 7
16922,246,Room 5
16917,472,Room 8
16910,495,Room 7
16909,278,Room 5
16908,7,Room 4
16903,451,Room 5
16892,149,Room 6
16885,89,Room 3
16884,228,Room 1
16883,311,Room 5
16880,466,Room 1
16871,496,Room 6
16867,193,Room 2
16861,443,Room 5
16847,285,Room 4
16846,413,Room 6
16844,188,Room 6
16843,501,Room 6
16841,229,Room 3
16835,19,Room 9
16823,75,Room 3
16822,133,Room 11
16821,242,Room 2
16815,134,Room 6
16812,504,Room 1
16810,110,Room 4
16808,444,Room 5
16805,495,Room 7
16804,492,Room 1
16802,52,Room 2
16799,499,Room 1
16796,300,Room 2
16795,209,Room 9
16792,507,Room 7
16787,188,Room 6
16785,328,Room 3
16784,261,Room 5
16781,495,Room 7
16774,371,Room 11
16772,504,Room 1
16765,112,Room 3
16758,21,Room 8
16757,280,Room 9
16755,230,Room 1
16745,336,Room 8
16736,197,Room 4
16725,455,Room 9
16724,499,Room 1
16723,517,Room 10
16716,275,Room 9
16711,286,Room 2
16709,124,Room 6
16706,208,Room 5
16704,514,Room 6
16703,435,Room 5
16697,88,Room 2
16696,440,Room 1
16695,393,Room 1
16694,428,Room 7
16690,112,Room 3
16688,251,Room 12
16682,163,Room 12
16679,344,Room 3
16671,133,Room 11
16670,515,Room 12
16669,13,Room 8
16667,452,Room 10
16663,70,Room 4
16657,432,Room 1
16651,439,Room 5
16645,64,Room 10
16641,341,Room 3
16629,369,Room 11
16623,478,Room 1
16616,157,Room 6
16615,114,Room 4
16614,426,Room 6
16607,276,Room 9
16603,340,Room 3
16600,28,Room 9
16594,255,Room 2
16591,301,Room 6
16588,484,Room 1
16584,181,Room 12
16571,326,Room 1
16567,76,Room 8
16564,308,Room 1
16556,189,Room 12
16555,521,Room 5
16545,528,Room 5
16541,91,Room 3
16534,214,Room 9
16531,443,Room 5
16530,426,Room 6
16527,157,Room 6
16523,21,Room 8
16521,369,Room 11
16516,181,Room 12
16513,73,Room 2
16497,498,Room 7
16496,109,Room 2
16480,281,Room 3
16475,38,Room 3
16460,19,Room 9
16455,88,Room 2
16454,183,Room 12
16449,315,Room 1
16436,484,Room 1
16435,202,Room 2
16431,136,Room 5
16429,405,Room 6
16426,451,Room 5
16415,354,Room 5
16407,508,Room 12
16406,198,Room 9
16404,22,Room 3
16400,336,Room 8
16397,222,Room 4
16393,424,Room 8
16390,494,Room 10
16385,47,Room 8
16383,114,Room 4
16376,78,Room 3
16375,359,Room 7
16371,243,Room 3
16368,441,Room 5
16364,108,Room 3
16359,20,Room 4
16355,251,Room 12
16352,468,Room 7
16351,265,Room 3
16350,238,Room 1
16345,402,Room 12
16341,342,Room 10
16340,494,Room 10
16339,333,Room 10
16336,468,Room 7
16334,360,Room 1
16333,108,Room 3
16328,48,Room 2
16321,239,Room 5
16316,282,Room 7
16309,497,Room 12
16307,421,Room 10
16289,507,Room 7
16286,318,Room 1
16283,259,Room 2
16279,491,Room 9
16277,277,Room 3
16268,398,Room 1
16263,294,Room 3
16262,215,Room 3
16256,465,Room 12
16253,60,Room 4
16251,422,Room 5
16250,240,Room 5
16239,121,Room 9
16226,525,Room 10
16216,165,Room 2
16215,323,Room 1
16205,528,Room 5
16203,297,Room 4
16201,182,Room 12
16200,252,Room 3
16193,284,Room 10
16188,235,Room 1
16172,176,Room 4
16168,471,Room 7
16163,175,Room 2
16162,327,Room 3
16161,456,Room 3
16152,397,Room 12
16150,407,Room 6
16147,332,Room 10
16146,431,Room 12
16142,111,Room 4
16133,125,Room 6
16130,361,Room 11
16128,65,Room 4
16126,206,Room 3
16117,407,Room 6
16115,47,Room 8
16097,258,Room 3
16085,10,Room 8
16083,345,Room 1
16081,342,Room 10
16078,207,Room 2
16077,90,Room 10
16069,158,Room 12
16066,5,Room 4
16064,304,Room 12
16063,266,Room 4
16058,142,Room 11
16044,251,Room 12
16042,417,Room 6
16031,452,Room 10
16025,95,Room 10
16014,270,Room 10
16006,95,Room 10
16003,125,Room 6
16002,31,Room 2
15994,27,Room 3
15988,95,Room 10
15985,77,Room 4
15982,39,Room 4
15980,375,Room 1
15964,299,Room 6
15962,133,Room 11
15961,494,Room 10
15954,143,Room 3
15942,66,Room 2
15939,103,Room 8
15935,25,Room 2
15930,466,Room 1
15927,139,Room 4
15925,168,Room 1
15920,3,Room 8
15916,526,Room 1
15912,261,Room 5
15904,247,Room 3
15903,372,Room 7
15895,421,Room 10
15894,434,Room 5
15893,196,Room 2
15892,207,Room 2
15891,418,Room 1
15869,53,Room 2
15866,369,Room 11
15865,51,Room 2
15859,45,Room 3
15856,211,Room 8
15854,62,Room 2
15851,339,Room 10
15850,211,Room 8
15849,52,Room 2
15841,55,Room 10
15836,277,Room 3
15835,269,Room 5
15827,6,Room 8
15825,449,Room 9
15822,181,Room 12
15818,35,Room 2
15817,275,Room 9
15806,264,Room 4
15800,1,Room 12
15798,141,Room 1
15795,70,Room 4
15778,285,Room 4
15771,491,Room 9
15767,436,Room 3
15754,149,Room 6
15747,198,Room 9
15740,502,Room 1
15736,463,Room 1
15726,520,Room 3
15721,49,Room 11
15720,11,Room 2
15718,311,Room 5
15717,429,Room 1
15711,8,Room 4
15705,471,Room 7
15702,27,Room 3
15696,342,Room 10
15694,198,Room 9
15674,146,Room 5
15669,292,Room 5
15662,98,Room 10
15661,292,Room 5
15660,36,Room 4
15658,350,Room 11
15645,279,Room 12
15639,132,Room 2
15636,370,Room 11
15634,57,Room 2
15633,140,Room 11
15624,217,Room 4
15619,65,Room 4
15614,437,Room 1
15612,200,Room 2
15600,427,Room 8
15582,188,Room 6
15574,495,Room 7
15572,199,Room 5
15570,284,Room 10
15564,113,Room 3
15563,1,Room 12
15549,258,Room 3
15546,408,Room 5
15545,8,Room 4
15544,177,Room 12
15528,451,Room 5
15523,511,Room 10
15521,73,Room 2
15520,439,Room 5
15519,111,Room 4
15513,314,Room 2
15510,160,Room 1
15496,342,Room 10
15494,243,Room 3
15488,104,Room 2
15480,361,Room 11
15479,19,Room 9
15478,23,Room 11
15470,333,Room 10
15466,21,Room 8
15465,163,Room 12
15460,409,Room 1
15456,428,Room 7
15444,469,Room 8
15437,515,Room 12
15435,262,Room 2
15434,332,Room 10
15431,346,Room 5
15426,338,Room 8
15424,108,Room 3
15419,241,Room 2
15418,208,Room 5
15412,41,Room 2
15409,158,Room 12
15403,3,Room 8
15402,82,Room 10
15384,118,Room 9
15375,455,Room 9
15374,68,Room 2
15371,311,Room 5
15370,137,Room 2
15363,222,Room 4
15361,116,Room 10
15359,426,Room 6
15358,49,Room 11
15355,499,Room 1
15343,499,Room 1
15342,130,Room 9
15340,98,Room 10
15339,516,Room 7
15338,479,Room 1
15337,15,Room 4
15336,410,Room 1
15335,126,Room 11
15322,225,Room 11
15293,22,Room 3
15292,150,Room 1
15291,504,Room 1
15268,112,Room 3
15267,114,Room 4
15265,75,Room 3
15245,489,Room 8
15238,458,Room 9
15207,248,Room 1
15205,124,Room 6
15204,10,Room 8
15201,366,Room 6
15200,2,Room 3
15199,120,Room 2
15190,205,Room 12
15188,12,Room 4
15177,151,Room 6
15172,117,Room 8
15168,62,Room 2
15167,183,Room 12
15164,95,Room 10
15151,278,Room 5
15147,424,Room 8
15128,398,Room 1
15125,436,Room 3
15119,95,Room 10
15115,134,Room 6
15114,90,Room 10
15112,347,Room 3
15104,252,Room 3
15101,507,Room 7
15073,422,Room 5
15067,465,Room 12
15066,481,Room 5
15063,269,Room 5
15043,225,Room 11
15041,371,Room 11
15032,59,Room 3
15025,183,Room 12
15024,462,Room 1
15023,101,Room 4
15013,279,Room 12
15006,253,Room 2
15002,360,Room 1
15000,513,Room 10
14999,220,Room 2
14997,499,Room 1
14993,72,Room 4
14986,193,Room 2
14981,121,Room 9
14979,126,Room 11
14974,365,Room 5
14963,9,Room 4
14962,39,Room 4
14957,496,Room 6
14955,247,Room 3
14945,118,Room 9
14944,525,Room 10
14941,511,Room 10
14934,188,Room 6
14928,485,Room 5
14926,83,Room 6
14912,115,Room 9
14909,432,Room 1
14908,407,Room 6
14906,242,Room 2
14905,152,Room 4
14901,224,Room 12
14900,481,Room 5
14898,90,Room 10
14894,491,Room 9
14887,93,Room 2
14879,442,Room 1
14868,346,Room 5
14862,118,Room 9
14859,125,Room 6
14852,512,Room 1
14848,6,Room 8
14846,373,Room 1
14832,189,Room 12
14820,226,Room 11
14807,224,Room 12
14802,96,Room 3
14794,139,Room 4
14793,481,Room 5
14789,136,Room 5
14785,424,Room 8
14783,421,Room 10
14777,214,Room 9
14772,46,Room 4
14755,270,Room 10
14754,107,Room 2
14751,494,Room 10
14750,6,Room 8
14749,114,Room 4
14746,68,Room 2
14736,327,Room 3
14735,524,Room 5
14726,368,Room 1
14722,346,Room 5
14719,135,Room 1
14712,49,Room 11
14711,370,Room 11
14706,521,Room 5
14693,341,Room 3
14690,489,Room 8
14687,225,Room 11
14677,479,Room 1
14675,493,Room 1
14674,452,Room 10
14669,438,Room 9
14668,409,Room 1
14652,109,Room 2
14647,96,Room 3
14635,498,Room 7
14629,335,Room 5
14627,361,Room 11
14625,110,Room 4
14607,58,Room 3
14593,95,Room 10
14589,495,Room 7
14584,37,Room 2
14577,103,Room 8
14569,160,Room 1
14566,292,Room 5
14561,421,Room 10
14560,225,Room 11
14544,150,Room 1
14541,214,Room 9
14538,251,Room 12
14521,2,Room 3
14520,395,Room 1
14518,156,Room 1
14500,211,Room 8
14498,223,Room 11
14495,275,Room 9
14493,144,Room 4
14490,45,Room 3
14486,177,Room 12
14477,439,Room 5
14476,171,Room 2
14469,213,Room 9
14467,99,Room 4
14465,184,Room 5
14462,454,Room 9
14457,340,Room 3
14452,181,Room 12
14446,335,Room 5
14442,226,Room 11
14439,36,Room 4
14435,427,Room 8
14421,162,Room 2
14413,520,Room 3
14404,497,Room 12
14403,31,Room 2
14397,426,Room 6
14394,315,Room 1
14390,5,Room 4
14382,86,Room 2
14379,14,Room 3
14377,460,Room 9
14371,455,Room 9
14370,20,Room 4
14365,13,Room 8
14364,140,Room 11
14359,86,Room 2
14351,61,Room 10
14350,158,Room 12
14339,407,Room 6
14333,495,Room 7
14320,417,Room 6
14319,367,Room 1
14318,206,Room 3
14317,426,Room 6
14313,438,Room 9
14310,240,Room 5
14308,10,Room 8
14295,1,Room 12
14291,469,Room 8
14289,447,Room 5
14271,357,Room 2
14270,491,Room 9
14266,417,Room 6
14260,140,Room 11
14259,334,Room 5
14252,271,Room 2
14251,101,Room 4
14240,410,Room 1
14233,73,Room 2
14232,349,Room 6
14220,280,Room 9
14217,485,Room 5
14211,521,Room 5
14198,339,Room 10
14197,49,Room 11
14196,12,Room 4
14193,4,Room 2
14188,253,Room 2
14185,361,Room 11
14182,361,Room 11
14168,426,Room 6
14158,122,Room 2
14155,514,Room 6
14153,456,Room 3
14151,504,Room 1
14145,195,Room 4
14143,513,Room 10
14142,211,Room 8
14140,95,Room 10
14135,90,Room 10
14130,423,Room 8
14126,38,Room 3
14121,49,Room 11
14114,47,Room 8
14110,509,Room 7
14108,251,Room 12
14097,43,Room 2
14096,47,Room 8
14082,426,Room 6
14076,282,Room 7
14072,1,Room 12
14069,201,Room 4
14065,121,Room 9
14063,101,Room 4
14060,527,Room 7
14058,3,Room 8
14057,10,Room 8
14056,10,Room 8
14047,340,Room 3
14033,128,Room 12
14031,60,Room 4
14016,37,Room 2
14007,423,Room 8
14004,5,Room 4
13994,489,Room 8
13988,110,Room 4
13987,36,Room 4
13981,111,Room 4
13975,366,Room 6
13959,196,Room 2
13948,110,Room 4
13939,303,Room 1
13936,509,Room 7
13929,17,Room 2
13928,188,Room 6
13927,338,Room 8
13926,111,Room 4
13921,227,Room 1
13919,87,Room 2
13914,339,Room 10
13909,420,Room 1
13905,420,Room 1
13901,359,Room 7
13898,516,Room 7
13890,197,Room 4
13885,369,Room 11
13883,201,Room 4
13881,261,Room 5
13878,300,Room 2
13877,374,Room 1
13870,330,Room 3
13868,49,Room 11
13861,383,Room 6
13854,121,Room 9
13851,402,Room 12
13850,433,Room 1
13849,507,Room 7
13847,301,Room 6
13846,158,Room 12
13845,359,Room 7
13840,335,Room 5
13837,108,Room 3
13834,256,Room 3
13831,57,Room 2
13828,313,Room 1
13824,387,Room 1
13820,172,Room 2
13817,149,Room 6
13815,56,Room 3
13812,350,Room 11
13806,443,Room 5
13798,110,Room 4
13796,307,Room 12
13779,98,Room 10
13753,187,Room 4
13747,53,Room 2
13746,307,Room 12
13738,369,Room 11
13735,454,Room 9
13732,229,Room 3
13730,157,Room 6
13727,366,Room 6
13724,213,Room 9
13714,94,Room 7
13707,155,Room 2
13706,142,Room 11
13704,120,Room 2
13701,77,Room 4
13700,345,Room 1
13697,142,Room 11
13696,403,Room 2
13695,456,Room 3
13688,274,Room 2
13681,376,Room 6
13680,50,Room 2
13668,3,Room 8
13663,381,Room 6
13661,318,Room 1
13659,211,Room 8
13654,114,Room 4
13652,498,Room 7
13651,119,Room 7
13648,194,Room 3
13647,146,Room 5
13646,441,Room 5
13634,443,Room 5
13630,304,Room 12
13619,285,Room 4
13614,101,Room 4
13609,315,Room 1
13606,7,Room 4
13601,122,Room 2
13594,29,Room 2
13588,495,Room 7
13581,3,Room 8
13577,455,Room 9
13570,1,Room 12
13562,303,Room 1
13561,158,Room 12
13560,72,Room 4
13559,76,Room 8
13558,296,Room 3
13557,424,Room 8
13551,527,Room 7
13547,336,Room 8
13545,38,Room 3
13544,378,Room 6
13543,197,Room 4
13538,151,Room 6
13524,98,Room 10
13518,139,Room 4
13510,98,Room 10
13504,282,Room 7
13498,102,Room 3
13496,513,Room 10
13494,333,Room 10
13492,512,Room 1
13481,28,Room 9
13476,505,Room 1
13461,281,Room 3
13457,413,Room 6
13454,139,Room 4
13453,472,Room 8
13450,460,Room 9
13448,167,Room 2
13446,527,Room 7
13445,226,Room 11
13444,162,Room 2
13443,413,Room 6
13439,528,Room 5
13435,144,Room 4
13430,405,Room 6
13429,513,Room 10
13428,177,Room 12
13424,312,Room 6
13422,29,Room 2
13421,402,Room 12
13420,495,Room 7
13417,510,Room 6
13413,276,Room 9
13409,257,Room 5
13406,70,Room 4
13401,429,Room 1
13398,11,Room 2
13395,230,Room 1
13393,140,Room 11
13390,55,Room 10
13387,200,Room 2
13384,66,Room 2
13380,396,Room 1
13366,456,Room 3
13360,105,Room 2
13350,447,Room 5
13343,518,Room 11
13340,141,Room 1
13335,444,Room 5
13332,174,Room 2
13329,293,Room 12
13327,377,Room 1
13325,230,Room 1
13323,391,Room 6
13318,282,Room 7
13317,141,Room 1
13315,450,Room 7
13313,263,Room 1
13310,295,Room 6
13307,369,Room 11
13305,280,Room 9
13304,509,Room 7
13301,485,Room 5
13298,353,Room 8
13292,124,Room 6
13282,415,Room 1
13275,396,Room 1
13270,270,Room 10
13265,163,Room 12
13262,483,Room 1
13250,315,Room 1
13249,274,Room 2
13247,140,Room 11
13246,65,Room 4
13244,457,Room 4
13240,312,Room 6
13239,466,Room 1
13238,115,Room 9
13233,523,Room 1
13232,475,Room 7
13225,146,Room 5
13218,159,Room 2
13206,277,Room 3
13204,28,Room 9
13193,345,Room 1
13192,305,Room 2
13188,378,Room 6
13183,367,Room 1
13181,451,Room 5
13179,451,Room 5
13177,515,Room 12
13176,152,Room 4
13175,251,Room 12
13171,423,Room 8
13169,152,Room 4
13168,381,Room 6
13163,152,Room 4
13161,370,Room 11
13157,501,Room 6
13149,422,Room 5
13138,59,Room 3
13137,383,Room 6
13136,501,Room 6
13135,503,Room 1
13130,281,Room 3
13129,299,Room 6
13127,480,Room 1
13122,371,Room 11
13120,513,Room 10
13117,339,Room 10
13113,349,Room 6
13112,213,Room 9
13111,337,Room 3
13109,511,Room 10
13103,382,Room 6
13099,404,Room 1
13090,371,Room 11
13083,172,Room 2
13079,264,Room 4
13074,301,Room 6
13073,272,Room 1
13068,119,Room 7
13067,170,Room 2
13066,403,Room 2
13065,305,Room 2
13061,491,Room 9
13057,324,Room 1
13056,272,Room 1
13039,406,Room 1
13037,289,Room 2
13023,527,Room 7
13022,508,Room 12
13021,345,Room 1
13020,116,Room 10
13013,76,Room 8
13009,423,Room 8
13008,336,Room 8
13007,8,Room 4
13005,148,Room 6
13002,458,Room 9
12999,117,Room 8
12991,168,Room 1
12986,429,Room 1
12985,447,Room 5
12984,343,Room 7
12981,122,Room 2
12977,394,Room 11
12976,306,Room 6
12974,377,Room 1
12972,435,Room 5
12964,51,Room 2
12963,412,Room 1
12962,371,Room 11
12959,497,Room 12
12949,394,Room 11
12948,164,Room 1
12944,3,Room 8
12943,427,Room 8
12942,427,Room 8
12941,10,Room 8
12932,307,Room 12
12920,220,Room 2
12909,138,Room 2
12908,208,Room 5
12906,374,Room 1
12904,426,Room 6
12900,159,Room 2
12896,299,Room 6
12895,468,Room 7
12893,117,Room 8
12891,361,Room 11
12875,341,Room 3
12874,203,Room 2
12868,529,Room 5
12860,152,Room 4
12859,245,Room 5
12857,279,Room 12
12856,251,Room 12
12853,177,Room 12
12846,85,Room 2
12844,528,Room 5
12839,254,Room 2
12835,412,Room 1
12830,102,Room 3
12829,239,Room 5
12821,111,Room 4
12820,146,Room 5
12811,148,Room 6
12810,344,Room 3
12806,270,Room 10
12804,479,Room 1
12803,297,Room 4
12796,99,Room 4
12793,213,Room 9
12787,509,Room 7
12783,247,Room 3
12781,195,Room 4
12774,276,Room 9
12770,94,Room 7
12762,402,Room 12
12760,526,Room 1
12743,344,Room 3
12742,414,Room 6
12739,497,Room 12
12733,231,Room 1
12731,280,Room 9
12729,193,Room 2
12721,116,Room 10
12716,240,Room 5
12715,214,Room 9
12708,55,Room 10
12706,28,Room 9
12705,254,Room 2
12698,205,Room 12
12695,376,Room 6
12690,529,Room 5
12687,222,Room 4
12686,359,Room 7
12682,322,Room 1
12680,268,Room 3
12679,234,Room 1
12670,495,Room 7
12666,289,Room 2
12665,128,Room 12
12664,195,Room 4
12659,524,Room 5
12635,133,Room 11
12633,201,Room 4
12631,77,Room 4
12624,420,Room 1
12622,23,Room 11
12613,154,Room 2
12601,422,Room 5
12600,103,Room 8
12590,507,Room 7
12589,27,Room 3
12583,248,Room 1
12581,267,Room 4
12579,399,Room 1
12571,284,Room 10
12568,470,Room 7
12566,479,Room 1
12562,251,Room 12
12549,195,Room 4
12547,494,Room 10
12546,100,Room 3
12545,461,Room 7
12541,461,Room 7
12533,397,Room 12
12531,286,Room 2
12525,491,Room 9
12523,524,Room 5
12516,197,Room 4
12515,240,Room 5
12504,57,Room 2
12502,379,Room 6
12496,523,Room 1
12493,54,Room 7
12484,170,Room 2
12482,152,Room 4
12475,416,Room 1
12461,342,Room 10
12458,110,Room 4
12452,280,Room 9
12434,291,Room 11
12433,14,Room 3
12428,121,Room 9
12412,194,Room 3
12409,405,Room 6
12406,458,Room 9
12398,202,Room 2
12397,36,Room 4
12390,282,Room 7
12388,138,Room 2
12382,251,Room 12
12378,413,Room 6
12374,67,Room 2
12369,462,Room 1
12368,194,Room 3
12367,257,Room 5
12363,518,Room 11
12352,238,Room 1
12346,452,Room 10
12345,209,Room 9
12335,346,Room 5
12331,525,Room 10
12308,482,Room 1
12305,317,Room 1
12304,109,Room 2
12303,319,Room 1
12302,511,Room 10
12299,47,Room 8
12297,170,Room 2
12273,394,Room 11
12272,475,Room 7
12271,262,Room 2
12270,13,Room 8
12266,353,Room 8
12263,225,Room 11
12255,283,Room 1
12254,466,Room 1
12253,94,Room 7
12252,306,Room 6
12243,367,Room 1
12241,521,Room 5
12240,119,Room 7
12236,170,Room 2
12232,92,Room 3
12231,266,Room 4
12226,441,Room 5
12224,97,Room 9
12216,13,Room 8
12207,228,Room 1
12204,521,Room 5
12196,173,Room 2
12192,299,Room 6
12189,369,Room 11
12187,327,Room 3
12183,353,Room 8
12181,427,Room 8
12176,145,Room 2
12174,279,Room 12
12163,428,Room 7
12159,473,Room 1
12158,483,Room 1
12153,94,Room 7
12147,97,Room 9
12146,219,Room 2
12145,520,Room 3
12138,301,Room 6
12136,126,Room 11
12129,326,Room 1
12122,497,Room 12
12121,485,Room 5
12120,18,Room 2
12114,316,Room 6
12108,206,Room 3
12101,228,Room 1
12094,280,Room 9
12093,76,Room 8
12088,473,Room 1
12085,155,Room 2
12076,185,Room 1
12075,163,Room 12
12063,233,Room 1
12050,93,Room 2
12046,282,Room 7
12036,191,Room 6
12031,467,Room 6
12027,423,Room 8
12022,347,Room 3
12014,365,Room 5
12009,239,Room 5
12006,403,Room 2
11999,477,Room 1
11981,153,Room 3
11979,262,Room 2
11978,448,Room 1
11977,119,Room 7
11966,114,Room 4
11964,178,Room 1
11962,427,Room 8
11958,393,Room 1
11950,273,Room 5
11949,290,Room 2
11946,268,Room 3
11944,100,Room 3
11941,459,Room 1
11940,185,Room 1
11936,22,Room 3
11928,44,Room 4
11927,320,Room 10
11926,117,Room 8
11918,221,Room 3
11915,371,Room 11
11912,279,Room 12
11911,433,Room 1
11907,124,Room 6
11906,19,Room 9
11899,359,Room 7
11898,404,Room 1
11897,133,Room 11
11884,143,Room 3
11882,496,Room 6
11878,395,Room 1
11873,431,Room 12
11857,207,Room 2
11853,30,Room 2
11849,452,Room 10
11842,337,Room 3
11840,495,Room 7
11838,371,Room 11
11835,491,Room 9
11832,97,Room 9
11827,118,Room 9
11826,431,Room 12
11818,510,Room 6
11817,491,Room 9
11815,370,Room 11
11813,302,Room 12
11810,488,Room 5
11806,495,Room 7
11798,527,Room 7
11780,423,Room 8
11779,143,Room 3
11771,359,Room 7
11763,336,Room 8
11762,115,Room 9
11758,275,Room 9
11756,189,Room 12
11746,54,Room 7
11745,435,Room 5
11737,305,Room 2
11728,445,Room 9
11721,449,Room 9
11720,359,Room 7
11719,468,Room 7
11715,105,Room 2
11712,116,Room 10
11711,7,Room 4
11708,323,Room 1
11697,76,Room 8
11695,428,Room 7
11694,527,Room 7
11692,283,Room 1
11688,357,Room 2
11671,42,Room 2
11669,342,Room 10
11665,394,Room 11
11664,104,Room 2
11653,515,Room 12
11650,73,Room 2
11646,240,Room 5
11645,181,Room 12
11638,482,Room 1
11636,269,Room 5
11626,369,Room 11
11625,243,Room 3
11620,528,Room 5
11616,498,Room 7
11611,294,Room 3
11610,387,Room 1
11607,444,Room 5
11603,327,Room 3
11600,469,Room 8
11597,252,Room 3
11596,292,Room 5
11593,320,Room 10
11582,387,Room 1
11570,76,Room 8
11564,527,Room 7
11560,504,Room 1
11557,468,Room 7
11554,497,Room 12
11547,223,Room 11
11539,97,Room 9
11538,435,Room 5
11521,218,Room 4
11517,370,Room 11
11511,487,Room 1
11510,527,Room 7
11509,461,Room 7
11507,301,Room 6
11505,92,Room 3
11503,85,Room 2
11502,212,Room 3
11500,493,Room 1
11490,94,Room 7
11483,223,Room 11
11482,131,Room 2
11473,496,Room 6
11469,10,Room 8
11461,452,Room 10
11454,83,Room 6
11449,252,Room 3
11440,185,Room 1
11435,166,Room 2
11434,81,Room 1
11429,501,Room 6
11419,90,Room 10
11413,492,Room 1
11411,516,Room 7
11402,333,Room 10
11401,460,Room 9
11398,409,Room 1
11393,293,Room 12
11391,494,Room 10
11380,437,Room 1
11376,519,Room 3
11375,46,Room 4
11358,140,Room 11
11356,361,Room 11
11349,403,Room 2
11340,424,Room 8
11332,407,Room 6
11318,286,Room 2
11312,216,Room 3
11307,184,Room 5
11305,205,Room 12
11289,214,Room 9
11288,521,Room 5
11287,133,Room 11
11284,370,Room 11
11283,410,Room 1
11280,125,Room 6
11264,49,Room 11
11260,47,Room 8
11259,41,Room 2
11257,280,Room 9
11251,150,Room 1
11250,334,Room 5
11249,97,Room 9
11247,449,Room 9
11246,3,Room 8
11241,109,Room 2
11237,188,Room 6
11223,381,Room 6
11213,517,Room 10
11207,452,Room 10
11196,511,Room 10
11192,263,Room 1
11190,298,Room 1
11180,149,Room 6
11174,402,Room 12
11170,69,Room 2
11153,129,Room 5
11152,146,Room 5
11151,450,Room 7
11145,276,Room 9
11144,424,Room 8
11141,74,Room 6
11140,304,Room 12
11135,13,Room 8
11134,267,Room 4
11133,458,Room 9
11130,469,Room 8
11126,117,Room 8
11114,400,Room 2
11113,417,Room 6
11108,8,Room 4
11101,516,Room 7
11098,79,Room 3
11090,6,Room 8
11088,158,Room 12
11087,492,Room 1
11084,507,Room 7
11082,424,Room 8
11073,266,Room 4
11067,334,Room 5
11062,150,Room 1
11060,157,Room 6
11058,282,Room 7
11053,304,Room 12
11048,302,Room 12
11044,507,Room 7
11037,49,Room 11
11030,276,Room 9
11028,513,Room 10
11027,348,Room 3
11025,518,Room 11
11017,307,Room 12
11016,38,Room 3
11015,34,Room 2
11007,177,Room 12
11003,150,Room 1
10992,245,Room 5
10977,245,Room 5
10973,517,Room 10
10969,85,Room 2
10965,140,Room 11
10954,59,Room 3
10952,345,Room 1
10947,100,Room 3
10946,291,Room 11
10940,394,Room 11
10935,117,Room 8
10928,54,Room 7
10924,172,Room 2
10923,424,Room 8
10913,519,Room 3
10911,61,Room 10
10908,120,Room 2
10892,243,Room 3
10891,304,Room 12
10885,77,Room 4
10881,467,Room 6
10879,384,Room 1
10877,103,Room 8
10866,79,Room 3
10863,508,Room 12
10861,15,Room 4
10859,397,Room 12
10854,63,Room 3
10853,237,Room 4
10852,487,Room 1
10843,495,Room 7
10840,53,Room 2
10839,140,Room 11
10833,301,Room 6
10827,415,Room 1
10822,131,Room 2
10820,365,Room 5
10818,217,Room 4
10808,472,Room 8
10805,60,Room 4
10800,173,Room 2
10797,457,Room 4
10789,221,Room 3
10786,215,Room 3
10783,411,Room 4
10779,415,Room 1
10777,131,Room 2
10771,444,Room 5
10769,206,Room 3
10766,434,Room 5
10762,366,Room 6
10759,516,Room 7
10757,128,Room 12
10749,225,Room 11
10748,224,Room 12
10738,159,Room 2
10736,518,Room 11
10733,475,Room 7
10728,113,Room 3
10724,340,Room 3
10717,268,Room 3
10716,211,Room 8
10713,343,Room 7
10711,356,Room 2
10704,212,Room 3
10702,129,Room 5
10697,91,Room 3
10684,447,Room 5
10682,103,Room 8
10668,460,Room 9
10662,398,Room 1
10653,155,Room 2
10647,19,Room 9
10645,138,Room 2
10644,177,Room 12
10642,521,Room 5
10640,214,Room 9
10638,250,Room 3
10634,478,Room 1
10628,292,Room 5
10626,194,Room 3
10622,249,Room 1
10620,293,Room 12
10615,268,Room 3
10608,167,Room 2
10604,400,Room 2
10603,186,Room 1
10599,147,Room 6
10589,186,Room 1
10588,198,Room 9
10587,201,Room 4
10584,399,Room 1
10582,213,Room 9
10569,381,Room 6
10568,205,Room 12
10565,290,Room 2
10564,156,Room 1
10563,152,Room 4
10560,113,Room 3
10546,481,Room 5
10536,10,Room 8
10533,49,Room 11
10530,181,Room 12
10528,197,Room 4
10524,130,Room 9
10520,80,Room 3
10518,460,Room 9
10489,97,Room 9
10486,175,Room 2
10484,495,Room 7
10479,97,Room 9
10472,511,Room 10
10465,459,Room 1
10462,358,Room 2
10458,348,Room 3
10455,217,Room 4
10446,125,Room 6
10443,498,Room 7
10437,353,Room 8
10436,461,Room 7
10432,373,Room 1
10426,427,Room 8
10414,188,Room 6
10412,137,Room 2
10403,251,Room 12
10398,279,Room 12
10394,377,Room 1
10383,378,Room 6
10382,236,Room 6
10381,388,Room 2
10376,244,Room 3
10373,527,Room 7
10367,424,Room 8
10361,35,Room 2
10359,189,Room 12
10355,435,Room 5
10348,222,Room 4
10345,182,Room 12
10342,486,Room 1
10337,185,Room 1
10334,328,Room 3
10325,163,Room 12
10322,239,Room 5
10313,394,Room 11
10310,41,Room 2
10294,103,Room 8
10288,264,Room 4
10285,14,Room 3
10281,182,Room 12
10280,470,Room 7
10279,399,Room 1
10276,474,Room 5
10265,128,Room 12
10262,423,Room 8
10256,504,Room 1
10254,275,Room 9
10253,233,Room 1
10246,391,Room 6
10236,198,Room 9
10221,149,Room 6
10215,361,Room 11
10212,69,Room 2
10211,495,Room 7
10204,424,Room 8
10203,84,Room 3
10194,488,Room 5
10186,214,Room 9
10185,332,Room 10
10163,49,Room 11
10148,237,Room 4
10139,188,Room 6
10136,259,Room 2
10120,445,Room 9
10114,128,Room 12
10105,21,Room 8
10090,370,Room 11
10082,378,Room 6
10080,468,Room 7
10067,23,Room 11
10064,97,Room 9
10058,286,Room 2
10056,295,Room 6
10055,300,Room 2
10050,129,Room 5
10048,98,Room 10
10047,26,Room 3
10042,385,Room 1
10036,356,Room 2
10022,401,Room 2
10019,216,Room 3
10002,393,Room 1
9988,494,Room 10
9987,529,Room 5
9986,56,Room 3
9982,209,Room 9
9971,61,Room 10
9969,271,Room 2
9960,310,Room 9
9958,101,Room 4
9955,369,Room 11
9932,117,Room 8
9930,489,Room 8
9928,13,Room 8
9911,175,Room 2
9901,226,Room 11
9889,62,Room 2
9887,369,Room 11
9880,320,Room 10
9867,21,Room 8
9864,46,Room 4
9859,276,Room 9
9856,478,Room 1
9845,436,Room 3
9844,422,Room 5
9839,194,Room 3
9833,426,Room 6
9830,198,Room 9
9827,102,Room 3
9825,337,Room 3
9822,469,Room 8
9821,518,Room 11
9815,122,Room 2
9813,262,Room 2
9803,158,Room 12
9799,209,Room 9
9794,261,Room 5
9779,473,Room 1
9777,80,Room 3
9776,361,Room 11
9774,101,Room 4
9771,137,Room 2
9768,3,Room 8
9763,425,Room 7
9747,450,Room 7
9746,225,Room 11
9724,347,Room 3
9722,510,Room 6
9715,188,Room 6
9714,13,Room 8
9703,149,Room 6
9692,210,Room 2
9686,188,Room 6
9684,446,Room 1
9682,257,Room 5
9678,188,Room 6
9670,84,Room 3
9664,226,Room 11
9657,336,Room 8
9654,445,Room 9
9649,119,Room 7
9646,478,Room 1
9640,181,Room 12
9631,371,Room 11
9629,1,Room 12
9627,439,Room 5
9625,337,Room 3
9623,468,Room 7
9614,2,Room 3
9607,70,Room 4
9604,23,Room 11
9602,425,Room 7
9601,403,Room 2
9586,351,Room 1
9577,243,Room 3
9575,317,Room 1
9573,450,Room 7
9569,155,Room 2
9560,72,Room 4
9558,283,Room 1
9553,45,Room 3
9551,442,Room 1
9548,119,Room 7
9541,124,Room 6
9536,459,Room 1
9535,52,Room 2
9527,291,Room 11
9521,336,Room 8
9519,430,Room 6
9518,373,Room 1
9517,379,Room 6
9514,414,Room 6
9512,450,Room 7
9511,61,Room 10
9509,232,Room 1
9508,507,Room 7
9505,451,Room 5
9500,216,Room 3
9493,363,Room 1
9481,135,Room 1
9480,3,Room 8
9476,1,Room 12
9470,237,Room 4
9467,337,Room 3
9466,514,Room 6
9464,181,Room 12
9459,242,Room 2
9456,495,Room 7
9454,391,Room 6
9452,343,Room 7
9451,75,Room 3
9445,316,Room 6
9439,432,Room 1
9435,139,Room 4
9429,297,Room 4
9424,388,Room 2
9408,148,Room 6
9405,105,Room 2
9401,507,Room 7
9394,54,Room 7
9386,102,Room 3
9384,259,Room 2
9382,383,Room 6
9370,426,Room 6
9369,361,Room 11
9353,126,Room 11
9352,103,Room 8
9346,270,Room 10
9338,345,Room 1
9328,498,Room 7
9319,296,Room 3
9315,481,Room 5
9310,334,Room 5
9307,135,Room 1
9306,430,Room 6
9301,269,Room 5
9297,359,Room 7
9296,251,Room 12
9292,177,Room 12
9291,14,Room 3
9290,131,Room 2
9288,178,Room 1
9287,421,Room 10
9286,211,Room 8
9284,82,Room 10
9282,266,Room 4
9280,170,Room 2
9279,339,Room 10
9278,347,Room 3
9277,199,Room 5
9275,379,Room 6
9270,498,Room 7
9269,151,Room 6
9261,183,Room 12
9259,481,Room 5
9257,495,Room 7
9256,264,Room 4
9251,284,Room 10
9242,431,Room 12
9236,342,Room 10
9235,145,Room 2
9234,239,Room 5
9221,406,Room 1
9218,34,Room 2
9212,44,Room 4
9204,353,Room 8
9201,495,Room 7
9196,324,Room 1
9190,295,Room 6
9185,324,Room 1
9184,420,Room 1
9182,327,Room 3
9180,324,Room 1
9176,198,Room 9
9171,5,Room 4
9169,216,Room 3
9167,509,Room 7
9164,66,Room 2
9157,112,Room 3
9154,60,Room 4
9153,114,Room 4
9150,236,Room 6
9148,336,Room 8
9143,438,Room 9
9141,44,Room 4
9133,304,Room 12
9117,335,Room 5
9108,336,Room 8
9104,183,Room 12
9093,506,Room 1
9087,143,Room 3
9084,129,Room 5
9083,142,Room 11
9082,275,Room 9
9080,63,Room 3
9077,293,Room 12
9063,116,Room 10
9056,421,Room 10
9055,465,Room 12
9051,20,Room 4
9048,41,Room 2
9031,394,Room 11
9026,251,Room 12
9018,313,Room 1
9016,260,Room 2
9011,15,Room 4
9003,234,Room 1
8994,384,Room 1
8992,105,Room 2
8987,197,Room 4
8981,51,Room 2
8980,61,Room 10
8974,325,Room 1
8967,415,Room 1
8959,354,Room 5
8952,211,Room 8
8949,266,Room 4
8939,64,Room 10
8925,300,Room 2
8922,184,Room 5
8920,2,Room 3
8907,27,Room 3
8901,436,Room 3
8898,211,Room 8
8897,435,Room 5
8886,348,Room 3
8867,260,Room 2
8866,208,Room 5
8863,461,Room 7
8862,447,Room 5
8860,128,Room 12
8858,505,Room 1
8855,415,Room 1
8849,218,Room 4
8841,215,Room 3
8840,518,Room 11
8831,95,Room 10
8830,157,Room 6
8818,307,Room 12
8817,54,Room 7
8814,442,Room 1
8789,27,Room 3
8788,46,Room 4
8774,93,Room 2
8772,474,Room 5
8767,187,Room 4
8763,391,Room 6
8760,70,Room 4
8753,493,Room 1
8752,182,Room 12
8746,369,Room 11
8744,463,Room 1
8733,370,Room 11
8731,302,Room 12
8726,428,Room 7
8724,58,Room 3
8717,145,Room 2
8715,283,Room 1
8698,370,Room 11
8691,268,Room 3
8679,458,Room 9
8673,3,Room 8
8672,213,Room 9
8671,158,Room 12
8667,36,Room 4
8655,94,Room 7
8639,334,Room 5
8636,466,Room 1
8635,59,Room 3
8630,212,Room 3
8629,290,Room 2
8626,23,Room 11
8610,314,Room 2
8608,297,Room 4
8592,514,Room 6
8589,332,Room 10
8583,224,Room 12
8577,454,Room 9
8571,245,Room 5
8563,427,Room 8
8542,2,Room 3
8530,350,Room 11
8523,1,Room 12
8522,452,Room 10
8512,484,Room 1
8509,328,Room 3
8506,498,Room 7
8504,343,Room 7
8503,177,Room 12
8492,189,Room 12
8486,45,Room 3
8484,467,Room 6
8480,16,Room 1
8479,119,Room 7
8476,6,Room 8
8475,382,Room 6
8474,6,Room 8
8467,343,Room 7
8465,481,Room 5
8462,94,Room 7
8461,427,Room 8
8460,86,Room 2
8455,472,Room 8
8454,527,Room 7
8449,148,Room 6
8443,240,Room 5
8441,329,Room 1
8440,323,Room 1
8438,417,Room 6
8433,209,Room 9
8427,495,Room 7
8426,150,Room 1
8417,101,Room 4
8412,101,Room 4
8411,288,Room 1
8408,33,Room 2
8404,372,Room 7
8401,245,Room 5
8399,408,Room 5
8396,82,Room 10
8394,112,Room 3
8393,391,Room 6
8392,221,Room 3
8387,495,Room 7
8379,195,Room 4
8376,476,Room 1
8372,428,Room 7
8371,282,Room 7
8370,300,Room 2
8369,503,Room 1
8362,101,Room 4
8352,330,Room 3
8351,3,Room 8
8350,60,Room 4
8340,495,Room 7
8330,86,Room 2
8328,97,Room 9
8325,61,Room 10
8322,369,Room 11
8320,320,Room 10
8319,485,Room 5
8317,292,Room 5
8314,475,Room 7
8307,233,Room 1
8306,488,Room 5
8298,438,Room 9
8292,354,Room 5
8290,211,Room 8
8288,448,Room 1
8287,209,Room 9
8268,324,Room 1
8260,491,Room 9
8257,526,Room 1
8250,63,Room 3
8244,70,Room 4
8237,421,Room 10
8235,218,Room 4
8232,424,Room 8
8228,21,Room 8
8227,275,Room 9
8217,430,Room 6
8202,496,Room 6
8201,481,Room 5
8199,424,Room 8
8188,202,Room 2
8181,350,Room 11
8180,320,Room 10
8173,6,Room 8
8164,74,Room 6
8160,304,Room 12
8156,327,Room 3
8150,399,Room 1
8141,513,Room 10
8137,192,Room 2
8134,46,Room 4
8124,393,Room 1
8123,277,Room 3
8117,218,Room 4
8115,294,Room 3
8112,75,Room 3
8111,153,Room 3
8099,130,Room 9
8095,226,Room 11
8092,109,Room 2
8088,310,Room 9
8080,22,Room 3
8077,293,Room 12
8070,421,Room 10
8068,226,Room 11
8066,443,Room 5
8063,7,Room 4
8061,82,Room 10
8055,154,Room 2
8054,49,Room 11
8047,424,Room 8
8045,525,Room 10
8034,1,Room 12
8029,513,Room 10
8025,432,Room 1
8022,104,Room 2
8013,470,Room 7
8001,44,Room 4
8000,225,Room 11
7998,237,Room 4
7995,495,Room 7
7992,259,Room 2
7991,183,Room 12
7986,48,Room 2
7984,431,Room 12
7980,23,Room 11
7977,274,Room 2
7976,399,Room 1
7971,207,Room 2
7970,101,Room 4
7969,293,Room 12
7961,198,Room 9
7958,211,Room 8
7942,396,Room 1
7926,343,Room 7
7925,486,Room 1
7915,191,Room 6
7912,202,Room 2
7907,34,Room 2
7905,330,Room 3
7904,103,Room 8
7896,82,Room 10
7893,133,Room 11
7889,77,Room 4
7888,359,Room 7
7887,24,Room 1
7883,224,Room 12
7879,421,Room 10
7878,147,Room 6
7877,23,Room 11
7876,224,Room 12
7873,40,Room 2
7871,56,Room 3
7868,136,Room 5
7858,183,Room 12
7855,332,Room 10
7854,364,Room 2
7852,338,Room 8
7851,324,Room 1
7847,242,Room 2
7845,77,Room 4
7837,79,Room 3
7836,61,Room 10
7832,461,Room 7
7828,111,Room 4
7826,341,Room 3
7822,430,Room 6
7815,15,Room 4
7783,201,Room 4
7777,441,Room 5
7746,91,Room 3
7742,503,Room 1
7738,339,Room 10
7735,89,Room 3
7706,488,Room 5
7700,522,Room 6
7694,348,Room 3
7693,204,Room 2
7690,24,Room 1
7683,89,Room 3
7678,36,Room 4
7665,140,Room 11
7660,134,Room 6
7659,17,Room 2
7651,46,Room 4
7645,62,Room 2
7640,115,Room 9
7633,1,Room 12
7628,353,Room 8
7626,421,Room 10
7618,354,Room 5
7607,341,Room 3
7604,267,Room 4
7600,62,Room 2
7594,282,Room 7
7589,333,Room 10
7581,82,Room 10
7573,424,Room 8
7559,189,Room 12
7556,14,Room 3
7553,216,Room 3
7551,497,Room 12
7548,416,Room 1
7542,489,Room 8
7538,130,Room 9
7529,508,Room 12
7519,509,Room 7
7511,32,Room 2
7507,421,Room 10
7504,311,Room 5
7479,173,Room 2
7477,254,Room 2
7465,249,Room 1
7463,444,Room 5
7460,7,Room 4
7455,223,Room 11
7446,301,Room 6
7445,91,Room 3
7429,98,Room 10
7426,103,Room 8
7423,310,Room 9
7420,501,Room 6
7418,20,Room 4
7417,449,Room 9
7415,144,Room 4
7413,13,Room 8
7412,51,Room 2
7408,413,Room 6
7407,226,Room 11
7405,297,Room 4
7401,405,Room 6
7399,190,Room 2
7386,21,Room 8
7385,497,Room 12
7382,425,Room 7
7381,372,Room 7
7380,414,Room 6
7375,139,Room 4
7372,488,Room 5
7365,231,Room 1
7362,402,Room 12
7354,168,Room 1
7349,227,Room 1
7344,376,Room 6
7338,65,Room 4
7335,336,Room 8
7334,522,Room 6
7323,140,Room 11
7317,103,Room 8
7310,36,Room 4
7302,237,Room 4
7301,454,Room 9
7298,13,Room 8
7295,207,Room 2
7290,108,Room 3
7286,487,Room 1
7283,306,Room 6
7280,55,Room 10
7268,144,Room 4
7263,334,Room 5
7262,160,Room 1
7260,32,Room 2
7255,454,Room 9
7243,382,Room 6
7242,401,Room 2
7234,254,Room 2
7230,302,Room 12
7224,283,Room 1
7223,441,Room 5
7221,513,Room 10
7219,187,Room 4
7218,205,Room 12
7217,147,Room 6
7206,169,Room 2
7203,98,Room 10
7198,211,Room 8
7187,189,Room 12
7185,488,Room 5
7184,447,Room 5
7182,509,Room 7
7179,339,Room 10
7178,165,Room 2
7177,325,Room 1
7175,441,Room 5
7166,371,Room 11
7165,40,Room 2
7164,154,Room 2
7162,413,Room 6
7160,225,Room 11
7143,441,Room 5
7140,265,Room 3
7134,278,Room 5
7133,510,Room 6
7124,425,Room 7
7121,291,Room 11
7116,447,Room 5
7113,262,Room 2
7108,518,Room 11
7106,426,Room 6
7088,162,Room 2
7080,237,Room 4
7076,158,Room 12
7071,145,Room 2
7069,432,Room 1
7065,45,Room 3
7061,188,Room 6
7058,163,Room 12
7057,50,Room 2
7056,122,Room 2
7053,509,Room 7
7051,211,Room 8
7046,250,Room 3
7044,251,Room 12
7035,321,Room 1
7034,251,Room 12
7031,330,Room 3
7015,166,Room 2
7013,295,Room 6
7010,21,Room 8
6993,97,Room 9
6983,56,Room 3
6981,303,Room 1
6980,454,Room 9
6975,224,Room 12
6968,425,Room 7
6966,129,Room 5
6962,428,Room 7
6961,117,Room 8
6957,403,Room 2
6954,493,Room 1
6952,111,Room 4
6950,240,Room 5
6948,277,Room 3
6933,258,Room 3
6932,342,Room 10
6928,211,Room 8
6923,361,Room 11
6921,303,Room 1
6904,322,Room 1
6902,350,Room 11
6899,116,Room 10
6891,89,Room 3
6888,265,Room 3
6882,489,Room 8
6879,244,Room 3
6864,329,Room 1
6840,126,Room 11
6836,328,Room 3
6835,261,Room 5
6816,23,Room 11
6813,36,Room 4
6806,282,Room 7
6805,423,Room 8
6797,114,Room 4
6782,446,Room 1
6781,518,Room 11
6779,187,Room 4
6774,94,Room 7
6768,320,Room 10
6767,211,Room 8
6766,362,Room 2
6765,513,Room 10
6763,509,Room 7
6759,115,Room 9
6758,43,Room 2
6757,239,Room 5
6751,294,Room 3
6750,294,Room 3
6746,163,Room 12
6744,392,Room 1
6736,7,Room 4
6732,225,Room 11
6725,99,Room 4
6714,191,Room 6
6709,64,Room 10
6707,72,Room 4
6704,428,Room 7
6698,37,Room 2
6688,22,Room 3
6674,144,Room 4
6669,344,Room 3
6664,268,Room 3
6653,54,Room 7
6648,324,Room 1
6647,344,Room 3
6643,277,Room 3
6638,111,Room 4
6633,182,Room 12
6630,416,Room 1
6628,10,Room 8
6627,10,Room 8
6625,500,Room 1
6621,135,Room 1
6611,256,Room 3
6606,96,Room 3
6604,216,Room 3
6598,349,Room 6
6589,58,Room 3
6587,80,Room 3
6582,134,Room 6
6578,440,Room 1
6571,430,Room 6
6566,443,Room 5
6563,76,Room 8
6555,77,Room 4
6552,76,Room 8
6546,91,Room 3
6533,80,Room 3
6527,183,Room 12
6523,264,Room 4
6521,274,Room 2
6520,424,Room 8
6518,96,Room 3
6517,248,Room 1
6514,426,Room 6
6509,184,Room 5
6507,353,Room 8
6491,456,Room 3
6479,518,Room 11
6468,422,Room 5
6467,285,Room 4
6463,114,Room 4
6460,495,Room 7
6454,220,Room 2
6450,464,Room 3
6449,446,Room 1
6431,344,Room 3
6424,427,Room 8
6422,401,Room 2
6421,114,Room 4
6414,127,Room 6
6412,525,Room 10
6408,7,Room 4
6407,166,Room 2
6403,362,Room 2
6399,471,Room 7
6397,359,Room 7
6390,397,Room 12
6380,124,Room 6
6378,497,Room 12
6373,23,Room 11
6368,182,Room 12
6367,197,Room 4
6361,495,Room 7
6350,349,Room 6
6345,436,Room 3
6332,452,Room 10
6322,2,Room 3
6320,26,Room 3
6318,74,Room 6
6317,12,Room 4
6316,251,Room 12
6313,273,Room 5
6310,169,Room 2
6305,249,Room 1
6299,187,Room 4
6296,443,Room 5
6293,188,Room 6
6291,331,Room 1
6286,273,Room 5
6282,513,Room 10
6278,259,Room 2
6276,71,Room 2
6273,302,Room 12
6263,426,Room 6
6262,307,Room 12
6255,302,Room 12
6250,425,Room 7
6247,515,Room 12
6243,383,Room 6
6242,514,Room 6
6237,280,Room 9
6234,105,Room 2
6232,62,Room 2
6228,274,Room 2
6221,284,Room 10
6220,115,Room 9
6214,390,Room 2
6201,263,Room 1
6200,307,Room 12
6198,74,Room 6
6195,402,Room 12
6192,369,Room 11
6187,102,Room 3
6183,162,Room 2
6180,485,Room 5
6177,39,Room 4
6176,29,Room 2
6175,88,Room 2
6162,205,Room 12
6160,312,Room 6
6159,72,Room 4
6158,205,Room 12
6145,243,Room 3
6137,371,Room 11
6125,234,Room 1
6124,236,Room 6
6119,383,Room 6
6117,513,Room 10
6113,53,Room 2
6109,510,Room 6
6104,105,Room 2
6102,252,Room 3
6100,432,Room 1
6087,269,Room 5
6086,456,Room 3
6076,366,Room 6
6067,12,Room 4
6062,418,Room 1
6059,9,Room 4
6057,529,Room 5
6056,115,Room 9
6055,365,Room 5
6051,130,Room 9
6046,102,Room 3
6044,218,Room 4
6038,488,Room 5
6036,114,Room 4
6031,68,Room 2
6026,110,Room 4
6022,59,Room 3
6019,362,Room 2
6018,529,Room 5
6015,202,Room 2
6010,4,Room 2
6007,239,Room 5
6000,212,Room 3
5998,178,Room 1
5993,184,Room 5
5983,529,Room 5
5981,516,Room 7
5945,38,Room 3
5940,460,Room 9
5937,229,Room 3
5932,263,Room 1
5923,19,Room 9
5917,351,Room 1
5914,472,Room 8
5911,438,Room 9
5898,489,Room 8
5895,303,Room 1
5888,339,Room 10
5882,307,Room 12
5873,457,Room 4
5869,337,Room 3
5866,293,Room 12
5864,191,Room 6
5857,177,Room 12
5855,161,Room 1
5854,244,Room 3
5853,257,Room 5
5850,435,Room 5
5849,3,Room 8
5836,267,Room 4
5827,471,Room 7
5821,113,Room 3
5814,279,Room 12
5810,253,Room 2
5808,147,Room 6
5800,462,Room 1
5799,289,Room 2
5797,292,Room 5
5790,253,Room 2
5785,443,Room 5
5784,119,Room 7
5779,114,Room 4
5774,339,Room 10
5767,12,Room 4
5766,220,Room 2
5761,152,Room 4
5756,507,Room 7
5744,349,Room 6
5718,454,Room 9
5691,19,Room 9
5689,256,Room 3
5687,225,Room 11
5685,23,Room 11
5680,409,Room 1
5678,505,Room 1
5677,465,Room 12
5675,2,Room 3
5673,164,Room 1
5665,157,Room 6
5662,282,Room 7
5658,332,Room 10
5649,141,Room 1
5636,335,Room 5
5628,130,Room 9
5622,221,Room 3
5610,474,Room 5
5609,118,Room 9
5607,84,Room 3
5596,226,Room 11
5593,197,Room 4
5589,233,Room 1
5587,37,Room 2
5569,10,Room 8
5567,83,Room 6
5562,266,Room 4
5559,344,Room 3
5557,321,Room 1
5552,121,Room 9
5551,49,Room 11
5550,117,Room 8
5548,514,Room 6
5540,408,Room 5
5538,290,Room 2
5534,237,Room 4
5532,318,Room 1
5525,109,Room 2
5521,133,Room 11
5520,360,Room 1
5519,468,Room 7
5515,247,Room 3
5511,65,Room 4
5510,468,Room 7
5509,46,Room 4
5507,422,Room 5
5502,239,Room 5
5500,170,Room 2
5499,159,Room 2
5495,55,Room 10
5493,332,Room 10
5483,292,Room 5
5479,460,Room 9
5473,359,Room 7
5469,236,Room 6
5467,101,Room 4
5456,310,Room 9
5451,27,Room 3
5447,61,Room 10
5431,199,Room 5
5430,359,Room 7
5428,90,Room 10
5427,281,Room 3
5426,106,Room 2
5414,59,Room 3
5413,343,Room 7
5412,101,Room 4
5408,92,Room 3
5404,10,Room 8
5403,504,Room 1
5402,509,Room 7
5400,5,Room 4
5390,338,Room 8
5385,339,Room 10
5373,76,Room 8
5367,67,Room 2
5361,326,Room 1
5358,271,Room 2
5356,74,Room 6
5352,59,Room 3
5350,5,Room 4
5349,13,Room 8
5333,21,Room 8
5331,26,Room 3
5329,241,Room 2
5323,330,Room 3
5320,198,Room 9
5318,21,Room 8
5317,115,Room 9
5309,2,Room 3
5308,379,Room 6
5305,20,Room 4
5300,457,Room 4
5299,145,Room 2
5292,218,Room 4
5283,211,Room 8
5271,174,Room 2
5262,527,Room 7
5261,395,Room 1
5256,453,Room 5
5248,26,Room 3
5246,26,Room 3
5237,284,Room 10
5224,412,Room 1
5223,107,Room 2
5218,184,Room 5
5217,72,Room 4
5215,519,Room 3
5214,447,Room 5
5199,421,Room 10
5197,370,Room 11
5195,386,Room 1
5194,35,Room 2
5193,213,Room 9
5189,176,Room 4
5185,338,Room 8
5184,456,Room 3
5182,464,Room 3
5178,128,Room 12
5174,482,Room 1
5169,147,Room 6
5157,361,Room 11
5155,57,Room 2
5153,284,Room 10
5149,275,Room 9
5146,19,Room 9
5142,304,Room 12
5141,80,Room 3
5129,105,Room 2
5128,239,Room 5
5123,98,Room 10
5113,233,Room 1
5107,237,Room 4
5074,20,Room 4
5072,117,Room 8
5066,54,Room 7
5064,119,Room 7
5063,222,Room 4
5062,145,Room 2
5055,12,Room 4
5049,394,Room 11
5038,106,Room 2
5029,94,Room 7
5027,247,Room 3
5026,111,Room 4
5025,210,Room 2
5023,425,Room 7
5021,215,Room 3
5013,7,Room 4
5012,1,Room 12
4999,166,Room 2
4997,136,Room 5
4985,215,Room 3
4949,469,Room 8
4948,163,Room 12
4935,398,Room 1
4914,101,Room 4
4908,423,Room 8
4897,438,Room 9
4894,126,Room 11
4891,5,Room 4
4884,120,Room 2
4883,113,Room 3
4878,92,Room 3
4870,251,Room 12
4863,159,Room 2
4855,98,Room 10
4849,236,Room 6
4844,423,Room 8
4841,276,Room 9
4832,128,Room 12
4824,321,Room 1
4818,126,Room 11
4817,343,Room 7
4813,55,Room 10
4803,39,Room 4
4800,43,Room 2
4791,114,Room 4
4787,185,Room 1
4785,428,Room 7
4784,490,Room 1
4777,313,Room 1
4775,526,Room 1
4772,296,Room 3
4765,47,Room 8
4764,447,Room 5
4763,151,Room 6
4761,273,Room 5
4758,19,Room 9
4754,102,Room 3
4753,422,Room 5
4750,61,Room 10
4749,74,Room 6
4748,119,Room 7
4745,90,Room 10
4738,79,Room 3
4733,77,Room 4
4718,99,Room 4
4717,195,Room 4
4713,527,Room 7
4711,222,Room 4
4699,163,Room 12
4691,56,Room 3
4688,92,Room 3
4675,489,Room 8
4653,456,Room 3
4650,343,Room 7
4647,96,Room 3
4645,97,Room 9
4638,495,Room 7
4636,470,Room 7
4629,7,Room 4
4626,291,Room 11
4607,222,Room 4
4605,19,Room 9
4604,282,Room 7
4597,394,Room 11
4595,10,Room 8
4583,98,Room 10
4576,65,Room 4
4571,42,Room 2
4557,71,Room 2
4547,214,Room 9
4541,498,Room 7
4535,472,Room 8
4529,114,Room 4
4526,112,Room 3
4508,516,Room 7
4506,19,Room 9
4505,409,Room 1
4499,116,Room 10
4498,523,Room 1
4490,3,Room 8
4476,9,Room 4
4471,60,Room 4
4463,421,Room 10
4456,6,Room 8
4451,422,Room 5
4450,215,Room 3
4434,194,Room 3
4418,304,Room 12
4402,76,Room 8
4396,72,Room 4
4390,58,Room 3
4382,116,Room 10
4381,151,Room 6
4377,425,Room 7
4373,98,Room 10
4365,55,Room 10
4361,27,Room 3
4333,56,Room 3
4327,46,Room 4
4326,67,Room 2
4325,21,Room 8
4320,174,Room 2
4319,1,Room 12
4317,339,Room 10
4313,425,Room 7
4310,217,Room 4
4307,98,Room 10
4300,218,Room 4
4291,356,Room 2
4280,33,Room 2
4278,456,Room 3
4277,4,Room 2
4273,6,Room 8
4264,430,Room 6
4253,284,Room 10
4249,54,Room 7
4248,520,Room 3
4240,1,Room 12
4233,422,Room 5
4221,51,Room 2
4219,22,Room 3
4217,482,Room 1
4216,495,Room 7
4210,517,Room 10
4205,338,Room 8
4204,188,Room 6
4199,475,Room 7
4198,66,Room 2
4196,2,Room 3
4188,63,Room 3
4177,46,Room 4
4165,450,Room 7
4160,16,Room 1
4157,65,Room 4
4155,57,Room 2
4148,338,Room 8
4140,54,Room 7
4137,45,Room 3
4134,297,Room 4
4116,58,Room 3
4106,217,Room 4
4092,45,Room 3
4088,252,Room 3
4085,229,Room 3
4084,6,Room 8
4079,281,Room 3
4072,106,Room 2
4067,143,Room 3
4058,365,Room 5
4054,431,Room 12
4051,70,Room 4
4047,525,Room 10
4043,178,Room 1
4028,4,Room 2
4019,313,Room 1
4013,246,Room 5
4000,241,Room 2
3999,218,Room 4
3992,119,Room 7
3990,58,Room 3
3978,223,Room 11
3969,516,Room 7
3964,130,Room 9
3951,2,Room 3
3949,61,Room 10
3942,454,Room 9
3939,209,Room 9
3923,71,Room 2
3915,3,Room 8
3909,104,Room 2
3898,65,Room 4
3891,428,Room 7
3890,473,Room 1
3870,13,Room 8
3861,492,Room 1
3855,303,Room 1
3854,8,Room 4
3842,123,Room 2
3829,310,Room 9
3825,507,Room 7
3817,86,Room 2
3814,54,Room 7
3810,200,Room 2
3789,423,Room 8
3787,482,Room 1
3776,39,Room 4
3772,35,Room 2
3771,136,Room 5
3768,449,Room 9
3767,25,Room 2
3766,517,Room 10
3760,460,Room 9
3749,113,Room 3
3740,179,Room 1
3738,19,Room 9
3731,69,Room 2
3716,391,Room 6
3715,158,Room 12
3708,231,Room 1
3687,114,Room 4
3671,509,Room 7
3670,9,Room 4
3661,189,Room 12
3660,164,Room 1
3659,427,Room 8
3654,70,Room 4
3651,149,Room 6
3645,101,Room 4
3633,465,Room 12
3624,23,Room 11
3623,18,Room 2
3618,340,Room 3
3612,261,Room 5
3607,199,Room 5
3606,285,Room 4
3605,110,Room 4
3600,245,Room 5
3595,199,Room 5
3592,306,Room 6
3588,112,Room 3
3586,115,Room 9
3585,121,Room 9
3577,371,Room 11
3559,98,Room 10
3558,214,Room 9
3545,359,Room 7
3533,334,Room 5
3531,421,Room 10
3528,75,Room 3
3511,225,Room 11
3506,103,Room 8
3503,342,Room 10
3501,80,Room 3
3493,100,Room 3
3492,251,Room 12
3487,72,Room 4
3474,481,Room 5
3471,507,Room 7
3469,176,Room 4
3465,77,Room 4
3457,510,Room 6
3446,495,Room 7
3440,280,Room 9
3439,447,Room 5
3438,464,Room 3
3435,140,Room 11
3434,359,Room 7
3424,6,Room 8
3423,250,Room 3
3420,519,Room 3
3417,199,Room 5
3416,289,Room 2
3415,40,Room 2
3412,101,Room 4
3411,423,Room 8
3406,28,Room 9
3404,191,Room 6
3394,29,Room 2
3391,421,Room 10
3387,317,Room 1
3386,113,Room 3
3381,99,Room 4
3377,2,Room 3
3375,210,Room 2
3366,422,Room 5
3343,209,Room 9
3341,187,Room 4
3334,339,Room 10
3333,100,Room 3
3327,215,Room 3
3318,80,Room 3
3283,20,Room 4
3276,3,Room 8
3267,206,Room 3
3265,495,Room 7
3260,244,Room 3
3259,453,Room 5
3257,92,Room 3
3256,4,Room 2
3252,397,Room 12
3236,392,Room 1
3235,20,Room 4
3234,47,Room 8
3226,166,Room 2
3222,523,Room 1
3220,421,Room 10
3216,195,Room 4
3211,390,Room 2
3210,491,Room 9
3209,49,Room 11
3208,353,Room 8
3205,23,Room 11
3188,58,Room 3
3181,207,Room 2
3180,98,Room 10
3174,205,Room 12
3168,423,Room 8
3163,98,Room 10
3162,6,Room 8
3157,218,Room 4
3152,85,Room 2
3135,428,Room 7
3134,358,Room 2
3130,334,Room 5
3118,201,Room 4
3114,474,Room 5
3112,126,Room 11
3110,55,Room 10
3106,133,Room 11
3093,218,Room 4
3083,330,Room 3
3080,470,Room 7
3077,198,Room 9
3066,73,Room 2
3063,278,Room 5
3061,26,Room 3
3050,525,Room 10
3042,252,Room 3
3030,455,Room 9
3027,198,Room 9
3019,76,Room 8
3011,136,Room 5
3008,140,Room 11
3002,267,Room 4
2996,508,Room 12
2972,469,Room 8
2971,86,Room 2
2970,243,Room 3
2965,111,Room 4
2963,293,Room 12
2962,78,Room 3
2958,99,Room 4
2950,339,Room 10
2946,183,Room 12
2945,90,Room 10
2943,299,Room 6
2921,100,Room 3
2916,10,Room 8
2911,67,Room 2
2906,428,Room 7
2897,92,Room 3
2894,114,Room 4
2891,93,Room 2
2884,436,Room 3
2883,1,Room 12
2857,29,Room 2
2856,439,Room 5
2855,292,Room 5
2850,425,Room 7
2837,427,Room 8
2827,431,Room 12
2826,63,Room 3
2824,322,Room 1
2820,194,Room 3
2818,142,Room 11
2811,40,Room 2
2810,44,Room 4
2806,421,Room 10
2802,98,Room 10
2799,82,Room 10
2796,185,Room 1
2794,9,Room 4
2783,367,Room 1
2778,129,Room 5
2770,97,Room 9
2750,5,Room 4
2738,70,Room 4
2725,65,Room 4
2705,213,Room 9
2704,421,Room 10
2681,65,Room 4
2678,83,Room 6
2676,85,Room 2
2668,48,Room 2
2666,2,Room 3
2665,328,Room 3
2654,364,Room 2
2651,277,Room 3
2625,173,Room 2
2623,5,Room 4
2588,242,Room 2
2584,209,Room 9
2569,524,Room 5
2557,76,Room 8
2554,426,Room 6
2552,222,Room 4
2545,82,Room 10
2539,70,Room 4
2537,52,Room 2
2533,110,Room 4
2512,209,Room 9
2510,367,Room 1
2497,98,Room 10
2495,229,Room 3
2494,457,Room 4
2488,8,Room 4
2487,460,Room 9
2483,453,Room 5
2474,239,Room 5
2468,8,Room 4
2466,424,Room 8
2457,98,Room 10
2456,43,Room 2
2447,355,Room 1
2446,198,Room 9
2437,1,Room 12
2436,59,Room 3
2435,4,Room 2
2431,143,Room 3
2428,205,Room 12
2419,220,Room 2
2413,105,Room 2
2390,9,Room 4
2386,88,Room 2
2374,13,Room 8
2373,215,Room 3
2364,80,Room 3
2332,3,Room 8
2328,21,Room 8
2327,293,Room 12
2322,267,Room 4
2310,40,Room 2
2307,267,Room 4
2287,172,Room 2
2283,59,Room 3
2277,282,Room 7
2250,46,Room 4
2245,64,Room 10
2239,262,Room 2
2230,461,Room 7
2224,211,Room 8
2223,275,Room 9
2222,510,Room 6
2216,208,Room 5
2214,94,Room 7
2212,208,Room 5
2210,336,Room 8
2168,309,Room 1
2161,77,Room 4
2152,282,Room 7
2146,118,Room 9
2140,225,Room 11
2134,160,Room 1
2125,76,Room 8
2121,116,Room 10
2115,104,Room 2
2111,430,Room 6
2109,1,Room 12
2105,201,Room 4
2103,95,Room 10
2097,76,Room 8
2096,194,Room 3
2088,258,Room 3
2077,10,Room 8
2073,9,Room 4
2072,10,Room 8
2070,9,Room 4
2069,19,Room 9
2068,130,Room 9
2056,213,Room 9
2050,284,Room 10
2048,424,Room 8
2041,12,Room 4
2027,1,Room 12
2025,5,Room 4
2024,281,Room 3
2023,219,Room 2
2014,147,Room 6
2012,359,Room 7
2010,99,Room 4
2000,418,Room 1
1991,494,Room 10
1979,326,Room 1
1965,211,Room 8
1964,21,Room 8
1957,170,Room 2
1955,63,Room 3
1947,486,Room 1
1946,333,Room 10
1941,397,Room 12
1936,522,Room 6
1930,489,Room 8
1927,114,Room 4
1922,469,Room 8
1907,282,Room 7
1904,119,Room 7
1879,426,Room 6
1876,287,Room 2
1864,160,Room 1
1848,39,Room 4
1839,176,Room 4
1838,35,Room 2
1834,122,Room 2
1830,421,Room 10
1818,476,Room 1
1794,427,Room 8
1789,55,Room 10
1787,90,Room 10
1786,176,Room 4
1783,55,Room 10
1775,65,Room 4
1764,20,Room 4
1760,495,Room 7
1755,72,Room 4
1753,198,Room 9
1748,119,Room 7
1747,159,Room 2
1735,19,Room 9
1714,98,Room 10
1713,497,Room 12
1707,423,Room 8
1706,90,Room 10
1703,241,Room 2
1685,99,Room 4
1681,495,Room 7
1662,379,Room 6
1659,489,Room 8
1654,12,Room 4
1649,55,Room 10
1627,452,Room 10
1620,82,Room 10
1593,480,Room 1
1591,169,Room 2
1588,469,Room 8
1586,266,Room 4
1576,464,Room 3
1573,60,Room 4
1566,332,Room 10
1565,118,Room 9
1556,472,Room 8
1546,18,Room 2
1544,110,Room 4
1542,101,Room 4
1532,282,Room 7
1529,111,Room 4
1528,278,Room 5
1526,453,Room 5
1515,19,Room 9
1514,106,Room 2
1513,78,Room 3
1474,66,Room 2
1469,257,Room 5
1467,176,Room 4
1456,15,Room 4
1442,70,Room 4
1429,15,Room 4
1424,474,Room 5
1420,439,Room 5
1411,130,Room 9
1403,335,Room 5
1402,136,Room 5
1397,218,Room 4
1379,183,Room 12
1353,8,Room 4
1344,191,Room 6
1343,493,Room 1
1340,9,Room 4
1326,78,Room 3
1323,475,Room 7
1319,439,Room 5
1304,15,Room 4
1303,97,Room 9
1299,20,Room 4
1277,14,Room 3
1261,114,Room 4
1257,430,Room 6
1256,311,Room 5
1255,58,Room 3
1251,23,Room 11
1235,45,Room 3
1225,251,Room 12
1213,513,Room 10
1205,140,Room 11
1202,47,Room 8
1201,263,Room 1
1198,508,Room 12
1195,68,Room 2
1191,366,Room 6
1185,276,Room 9
1183,11,Room 2
1180,442,Room 1
1176,78,Room 3
1175,1,Room 12
1173,90,Room 10
1166,144,Room 4
1155,456,Room 3
1150,112,Room 3
1144,365,Room 5
1138,34,Room 2
1129,114,Room 4
1125,99,Room 4
1123,360,Room 1
1121,121,Room 9
1119,18,Room 2
1118,21,Room 8
1115,469,Room 8
1113,222,Room 4
1112,72,Room 4
1107,115,Room 9
1099,346,Room 5
1085,209,Room 9
1079,50,Room 2
1072,167,Room 2
1069,218,Room 4
1056,516,Room 7
1041,213,Room 9
1035,117,Room 8
1031,423,Room 8
1030,39,Room 4
1028,74,Room 6
1021,448,Room 1
1018,13,Room 8
1004,456,Room 3
1003,26,Room 3
994,515,Room 12
987,22,Room 3
986,10,Room 8
981,22,Room 3
979,184,Room 5
969,223,Room 11
968,70,Room 4
963,455,Room 9
956,250,Room 3
955,97,Room 9
943,99,Room 4
940,49,Room 11
938,208,Room 5
933,95,Room 10
931,25,Room 2
926,175,Room 2
913,323,Room 1
907,440,Room 1
905,94,Room 7
899,296,Room 3
876,316,Room 6
869,476,Room 1
860,30,Room 2
859,30,Room 2
856,49,Room 11
852,475,Room 7
847,522,Room 6
842,76,Room 8
838,53,Room 2
830,78,Room 3
810,488,Room 5
803,421,Room 10
802,237,Room 4
795,214,Room 9
791,99,Room 4
789,79,Room 3
784,421,Room 10
778,66,Room 2
772,47,Room 8
770,340,Room 3
762,182,Room 12
754,143,Room 3
752,46,Room 4
749,8,Room 4
745,21,Room 8
744,114,Room 4
738,434,Room 5
728,515,Room 12
720,246,Room 5
711,19,Room 9
691,128,Room 12
688,100,Room 3
671,505,Room 1
655,103,Room 8
652,95,Room 10
650,211,Room 8
642,223,Room 11
632,23,Room 11
628,424,Room 8
627,38,Room 3
605,488,Room 5
586,198,Room 9
572,56,Room 3
555,470,Room 7
554,47,Room 8
551,510,Room 6
546,20,Room 4
543,72,Room 4
537,188,Room 6
531,421,Room 10
525,48,Room 2
520,518,Room 11
510,60,Room 4
491,2,Room 3
474,79,Room 3
463,472,Room 8
457,364,Room 2
443,115,Room 9
437,469,Room 8
434,1,Room 12
425,191,Room 6
417,119,Room 7
398,91,Room 3
394,115,Room 9
385,10,Room 8
375,513,Room 10
372,95,Room 10
368,275,Room 9
366,116,Room 10
355,157,Room 6
353,259,Room 2
350,247,Room 3
344,230,Room 1
339,121,Room 9
337,7,Room 4
328,131,Room 2
316,479,Room 1
313,484,Room 1
306,114,Room 4
302,423,Room 8
293,114,Room 4
290,91,Room 3
288,165,Room 2
279,21,Room 8
277,264,Room 4
274,226,Room 11
271,99,Room 4
252,92,Room 3
251,222,Room 4
245,482,Room 1
238,17,Room 2
232,177,Room 12
221,156,Room 1
207,346,Room 5
202,468,Room 7
193,328,Room 3
189,55,Room 10
180,76,Room 8
173,465,Room 12
161,21,Room 8
114,28,Room 9
112,131,Room 2
110,70,Room 4
109,153,Room 3
106,470,Room 7
105,90,Room 10
100,399,Room 1
95,423,Room 8
93,56,Room 3
89,20,Room 4
81,222,Room 4
72,94,Room 7
66,353,Room 8
64,332,Room 10
49,222,Room 4
45,121,Room 9
28,82,Room 10
20,408,Room 5
13,256,Room 3
5,39,Room 4
3,227,Room 1
2,289,Room 2
1,318,Room 1
